0|post_creationDate_index_bPlus_100
3|post_creationDate_index_bPlus_100
1|post_creationDate_index_bPlus_100
896|post_creationDate_index_bPlus_100
471|post_creationDate_index_bPlus_100
348|post_creationDate_index_bPlus_100
698|post_creationDate_index_bPlus_100
174|post_creationDate_index_bPlus_100
840|post_creationDate_index_bPlus_100
394|post_creationDate_index_bPlus_100
717|post_creationDate_index_bPlus_100
336|post_creationDate_index_bPlus_100
646|post_creationDate_index_bPlus_100
103|post_creationDate_index_bPlus_100
895|post_creationDate_index_bPlus_100
639|post_creationDate_index_bPlus_100
328|post_creationDate_index_bPlus_100
643|post_creationDate_index_bPlus_100
187|post_creationDate_index_bPlus_100
690|post_creationDate_index_bPlus_100
270|post_creationDate_index_bPlus_100
883|post_creationDate_index_bPlus_100
364|post_creationDate_index_bPlus_100
899|post_creationDate_index_bPlus_100
63|post_creationDate_index_bPlus_100
409|post_creationDate_index_bPlus_100
936|post_creationDate_index_bPlus_100
248|post_creationDate_index_bPlus_100
691|post_creationDate_index_bPlus_100
380|post_creationDate_index_bPlus_100
110|post_creationDate_index_bPlus_100
644|post_creationDate_index_bPlus_100
291|post_creationDate_index_bPlus_100
587|post_creationDate_index_bPlus_100
959|post_creationDate_index_bPlus_100
194|post_creationDate_index_bPlus_100
520|post_creationDate_index_bPlus_100
41|post_creationDate_index_bPlus_100
274|post_creationDate_index_bPlus_100
645|post_creationDate_index_bPlus_100
193|post_creationDate_index_bPlus_100
619|post_creationDate_index_bPlus_100
129|post_creationDate_index_bPlus_100
671|post_creationDate_index_bPlus_100
208|post_creationDate_index_bPlus_100
986|post_creationDate_index_bPlus_100
448|post_creationDate_index_bPlus_100
985|post_creationDate_index_bPlus_100
4|post_creationDate_index_bPlus_100
500|post_creationDate_index_bPlus_100
712|post_creationDate_index_bPlus_100
932|post_creationDate_index_bPlus_100
353|post_creationDate_index_bPlus_100
703|post_creationDate_index_bPlus_100
862|post_creationDate_index_bPlus_100
188|post_creationDate_index_bPlus_100
714|post_creationDate_index_bPlus_100
407|post_creationDate_index_bPlus_100
939|post_creationDate_index_bPlus_100
288|post_creationDate_index_bPlus_100
588|post_creationDate_index_bPlus_100
91|post_creationDate_index_bPlus_100
547|post_creationDate_index_bPlus_100
347|post_creationDate_index_bPlus_100
758|post_creationDate_index_bPlus_100
173|post_creationDate_index_bPlus_100
934|post_creationDate_index_bPlus_100
420|post_creationDate_index_bPlus_100
971|post_creationDate_index_bPlus_100
242|post_creationDate_index_bPlus_100
737|post_creationDate_index_bPlus_100
327|post_creationDate_index_bPlus_100
904|post_creationDate_index_bPlus_100
734|post_creationDate_index_bPlus_100
46|post_creationDate_index_bPlus_100
994|post_creationDate_index_bPlus_100
493|post_creationDate_index_bPlus_100
240|post_creationDate_index_bPlus_100
918|post_creationDate_index_bPlus_100
545|post_creationDate_index_bPlus_100
927|post_creationDate_index_bPlus_100
290|post_creationDate_index_bPlus_100
629|post_creationDate_index_bPlus_100
186|post_creationDate_index_bPlus_100
529|post_creationDate_index_bPlus_100
798|post_creationDate_index_bPlus_100
23|post_creationDate_index_bPlus_100
777|post_creationDate_index_bPlus_100
331|post_creationDate_index_bPlus_100
725|post_creationDate_index_bPlus_100
250|post_creationDate_index_bPlus_100
954|post_creationDate_index_bPlus_100
530|post_creationDate_index_bPlus_100
169|post_creationDate_index_bPlus_100
938|post_creationDate_index_bPlus_100
610|post_creationDate_index_bPlus_100
410|post_creationDate_index_bPlus_100
93|post_creationDate_index_bPlus_100
589|post_creationDate_index_bPlus_100
293|post_creationDate_index_bPlus_100
637|post_creationDate_index_bPlus_100
987|post_creationDate_index_bPlus_100
145|post_creationDate_index_bPlus_100
400|post_creationDate_index_bPlus_100
928|post_creationDate_index_bPlus_100
611|post_creationDate_index_bPlus_100
842|post_creationDate_index_bPlus_100
48|post_creationDate_index_bPlus_100
935|post_creationDate_index_bPlus_100
391|post_creationDate_index_bPlus_100
135|post_creationDate_index_bPlus_100
920|post_creationDate_index_bPlus_100
480|post_creationDate_index_bPlus_100
218|post_creationDate_index_bPlus_100
607|post_creationDate_index_bPlus_100
925|post_creationDate_index_bPlus_100
6|post_creationDate_index_bPlus_100
861|post_creationDate_index_bPlus_100
427|post_creationDate_index_bPlus_100
884|post_creationDate_index_bPlus_100
275|post_creationDate_index_bPlus_100
817|post_creationDate_index_bPlus_100
900|post_creationDate_index_bPlus_100
501|post_creationDate_index_bPlus_100
111|post_creationDate_index_bPlus_100
523|post_creationDate_index_bPlus_100
676|post_creationDate_index_bPlus_100
255|post_creationDate_index_bPlus_100
662|post_creationDate_index_bPlus_100
52|post_creationDate_index_bPlus_100
786|post_creationDate_index_bPlus_100
369|post_creationDate_index_bPlus_100
578|post_creationDate_index_bPlus_100
195|post_creationDate_index_bPlus_100
818|post_creationDate_index_bPlus_100
330|post_creationDate_index_bPlus_100
632|post_creationDate_index_bPlus_100
112|post_creationDate_index_bPlus_100
919|post_creationDate_index_bPlus_100
332|post_creationDate_index_bPlus_100
909|post_creationDate_index_bPlus_100
207|post_creationDate_index_bPlus_100
940|post_creationDate_index_bPlus_100
521|post_creationDate_index_bPlus_100
22|post_creationDate_index_bPlus_100
433|post_creationDate_index_bPlus_100
860|post_creationDate_index_bPlus_100
234|post_creationDate_index_bPlus_100
408|post_creationDate_index_bPlus_100
839|post_creationDate_index_bPlus_100
134|post_creationDate_index_bPlus_100
822|post_creationDate_index_bPlus_100
553|post_creationDate_index_bPlus_100
198|post_creationDate_index_bPlus_100
937|post_creationDate_index_bPlus_100
502|post_creationDate_index_bPlus_100
355|post_creationDate_index_bPlus_100
507|post_creationDate_index_bPlus_100
65|post_creationDate_index_bPlus_100
463|post_creationDate_index_bPlus_100
738|post_creationDate_index_bPlus_100
262|post_creationDate_index_bPlus_100
481|post_creationDate_index_bPlus_100
876|post_creationDate_index_bPlus_100
160|post_creationDate_index_bPlus_100
933|post_creationDate_index_bPlus_100
640|post_creationDate_index_bPlus_100
405|post_creationDate_index_bPlus_100
727|post_creationDate_index_bPlus_100
32|post_creationDate_index_bPlus_100
947|post_creationDate_index_bPlus_100
264|post_creationDate_index_bPlus_100
499|post_creationDate_index_bPlus_100
898|post_creationDate_index_bPlus_100
117|post_creationDate_index_bPlus_100
701|post_creationDate_index_bPlus_100
228|post_creationDate_index_bPlus_100
641|post_creationDate_index_bPlus_100
74|post_creationDate_index_bPlus_100
664|post_creationDate_index_bPlus_100
307|post_creationDate_index_bPlus_100
604|post_creationDate_index_bPlus_100
838|post_creationDate_index_bPlus_100
149|post_creationDate_index_bPlus_100
609|post_creationDate_index_bPlus_100
333|post_creationDate_index_bPlus_100
742|post_creationDate_index_bPlus_100
12|post_creationDate_index_bPlus_100
477|post_creationDate_index_bPlus_100
837|post_creationDate_index_bPlus_100
170|post_creationDate_index_bPlus_100
968|post_creationDate_index_bPlus_100
315|post_creationDate_index_bPlus_100
549|post_creationDate_index_bPlus_100
964|post_creationDate_index_bPlus_100
70|post_creationDate_index_bPlus_100
552|post_creationDate_index_bPlus_100
392|post_creationDate_index_bPlus_100
931|post_creationDate_index_bPlus_100
314|post_creationDate_index_bPlus_100
598|post_creationDate_index_bPlus_100
33|post_creationDate_index_bPlus_100
710|post_creationDate_index_bPlus_100
271|post_creationDate_index_bPlus_100
984|post_creationDate_index_bPlus_100
424|post_creationDate_index_bPlus_100
115|post_creationDate_index_bPlus_100
524|post_creationDate_index_bPlus_100
320|post_creationDate_index_bPlus_100
903|post_creationDate_index_bPlus_100
503|post_creationDate_index_bPlus_100
901|post_creationDate_index_bPlus_100
77|post_creationDate_index_bPlus_100
634|post_creationDate_index_bPlus_100
309|post_creationDate_index_bPlus_100
144|post_creationDate_index_bPlus_100
584|post_creationDate_index_bPlus_100
865|post_creationDate_index_bPlus_100
272|post_creationDate_index_bPlus_100
969|post_creationDate_index_bPlus_100
2|post_creationDate_index_bPlus_100
476|post_creationDate_index_bPlus_100
825|post_creationDate_index_bPlus_100
247|post_creationDate_index_bPlus_100
804|post_creationDate_index_bPlus_100
605|post_creationDate_index_bPlus_100
340|post_creationDate_index_bPlus_100
819|post_creationDate_index_bPlus_100
560|post_creationDate_index_bPlus_100
76|post_creationDate_index_bPlus_100
893|post_creationDate_index_bPlus_100
496|post_creationDate_index_bPlus_100
974|post_creationDate_index_bPlus_100
137|post_creationDate_index_bPlus_100
577|post_creationDate_index_bPlus_100
334|post_creationDate_index_bPlus_100
709|post_creationDate_index_bPlus_100
428|post_creationDate_index_bPlus_100
31|post_creationDate_index_bPlus_100
494|post_creationDate_index_bPlus_100
257|post_creationDate_index_bPlus_100
592|post_creationDate_index_bPlus_100
138|post_creationDate_index_bPlus_100
916|post_creationDate_index_bPlus_100
472|post_creationDate_index_bPlus_100
233|post_creationDate_index_bPlus_100
506|post_creationDate_index_bPlus_100
951|post_creationDate_index_bPlus_100
75|post_creationDate_index_bPlus_100
723|post_creationDate_index_bPlus_100
398|post_creationDate_index_bPlus_100
680|post_creationDate_index_bPlus_100
150|post_creationDate_index_bPlus_100
350|post_creationDate_index_bPlus_100
760|post_creationDate_index_bPlus_100
199|post_creationDate_index_bPlus_100
539|post_creationDate_index_bPlus_100
18|post_creationDate_index_bPlus_100
730|post_creationDate_index_bPlus_100
283|post_creationDate_index_bPlus_100
555|post_creationDate_index_bPlus_100
132|post_creationDate_index_bPlus_100
722|post_creationDate_index_bPlus_100
302|post_creationDate_index_bPlus_100
888|post_creationDate_index_bPlus_100
411|post_creationDate_index_bPlus_100
699|post_creationDate_index_bPlus_100
90|post_creationDate_index_bPlus_100
967|post_creationDate_index_bPlus_100
434|post_creationDate_index_bPlus_100
774|post_creationDate_index_bPlus_100
190|post_creationDate_index_bPlus_100
469|post_creationDate_index_bPlus_100
948|post_creationDate_index_bPlus_100
282|post_creationDate_index_bPlus_100
863|post_creationDate_index_bPlus_100
534|post_creationDate_index_bPlus_100
39|post_creationDate_index_bPlus_100
814|post_creationDate_index_bPlus_100
249|post_creationDate_index_bPlus_100
613|post_creationDate_index_bPlus_100
94|post_creationDate_index_bPlus_100
449|post_creationDate_index_bPlus_100
682|post_creationDate_index_bPlus_100
191|post_creationDate_index_bPlus_100
829|post_creationDate_index_bPlus_100
366|post_creationDate_index_bPlus_100
913|post_creationDate_index_bPlus_100
601|post_creationDate_index_bPlus_100
30|post_creationDate_index_bPlus_100
556|post_creationDate_index_bPlus_100
294|post_creationDate_index_bPlus_100
878|post_creationDate_index_bPlus_100
423|post_creationDate_index_bPlus_100
251|post_creationDate_index_bPlus_100
515|post_creationDate_index_bPlus_100
152|post_creationDate_index_bPlus_100
581|post_creationDate_index_bPlus_100
402|post_creationDate_index_bPlus_100
908|post_creationDate_index_bPlus_100
50|post_creationDate_index_bPlus_100
977|post_creationDate_index_bPlus_100
527|post_creationDate_index_bPlus_100
260|post_creationDate_index_bPlus_100
525|post_creationDate_index_bPlus_100
104|post_creationDate_index_bPlus_100
740|post_creationDate_index_bPlus_100
232|post_creationDate_index_bPlus_100
902|post_creationDate_index_bPlus_100
435|post_creationDate_index_bPlus_100
654|post_creationDate_index_bPlus_100
13|post_creationDate_index_bPlus_100
437|post_creationDate_index_bPlus_100
924|post_creationDate_index_bPlus_100
151|post_creationDate_index_bPlus_100
855|post_creationDate_index_bPlus_100
495|post_creationDate_index_bPlus_100
978|post_creationDate_index_bPlus_100
284|post_creationDate_index_bPlus_100
851|post_creationDate_index_bPlus_100
546|post_creationDate_index_bPlus_100
651|post_creationDate_index_bPlus_100
100|post_creationDate_index_bPlus_100
559|post_creationDate_index_bPlus_100
351|post_creationDate_index_bPlus_100
843|post_creationDate_index_bPlus_100
171|post_creationDate_index_bPlus_100
656|post_creationDate_index_bPlus_100
297|post_creationDate_index_bPlus_100
739|post_creationDate_index_bPlus_100
73|post_creationDate_index_bPlus_100
596|post_creationDate_index_bPlus_100
389|post_creationDate_index_bPlus_100
583|post_creationDate_index_bPlus_100
221|post_creationDate_index_bPlus_100
465|post_creationDate_index_bPlus_100
729|post_creationDate_index_bPlus_100
42|post_creationDate_index_bPlus_100
606|post_creationDate_index_bPlus_100
278|post_creationDate_index_bPlus_100
390|post_creationDate_index_bPlus_100
114|post_creationDate_index_bPlus_100
704|post_creationDate_index_bPlus_100
201|post_creationDate_index_bPlus_100
877|post_creationDate_index_bPlus_100
452|post_creationDate_index_bPlus_100
708|post_creationDate_index_bPlus_100
19|post_creationDate_index_bPlus_100
675|post_creationDate_index_bPlus_100
388|post_creationDate_index_bPlus_100
633|post_creationDate_index_bPlus_100
178|post_creationDate_index_bPlus_100
961|post_creationDate_index_bPlus_100
554|post_creationDate_index_bPlus_100
116|post_creationDate_index_bPlus_100
846|post_creationDate_index_bPlus_100
453|post_creationDate_index_bPlus_100
955|post_creationDate_index_bPlus_100
259|post_creationDate_index_bPlus_100
541|post_creationDate_index_bPlus_100
816|post_creationDate_index_bPlus_100
85|post_creationDate_index_bPlus_100
321|post_creationDate_index_bPlus_100
731|post_creationDate_index_bPlus_100
192|post_creationDate_index_bPlus_100
615|post_creationDate_index_bPlus_100
60|post_creationDate_index_bPlus_100
791|post_creationDate_index_bPlus_100
470|post_creationDate_index_bPlus_100
821|post_creationDate_index_bPlus_100
266|post_creationDate_index_bPlus_100
621|post_creationDate_index_bPlus_100
125|post_creationDate_index_bPlus_100
836|post_creationDate_index_bPlus_100
475|post_creationDate_index_bPlus_100
852|post_creationDate_index_bPlus_100
37|post_creationDate_index_bPlus_100
454|post_creationDate_index_bPlus_100
906|post_creationDate_index_bPlus_100
124|post_creationDate_index_bPlus_100
943|post_creationDate_index_bPlus_100
457|post_creationDate_index_bPlus_100
253|post_creationDate_index_bPlus_100
591|post_creationDate_index_bPlus_100
945|post_creationDate_index_bPlus_100
58|post_creationDate_index_bPlus_100
461|post_creationDate_index_bPlus_100
399|post_creationDate_index_bPlus_100
681|post_creationDate_index_bPlus_100
224|post_creationDate_index_bPlus_100
324|post_creationDate_index_bPlus_100
775|post_creationDate_index_bPlus_100
83|post_creationDate_index_bPlus_100
960|post_creationDate_index_bPlus_100
679|post_creationDate_index_bPlus_100
372|post_creationDate_index_bPlus_100
748|post_creationDate_index_bPlus_100
172|post_creationDate_index_bPlus_100
385|post_creationDate_index_bPlus_100
8|post_creationDate_index_bPlus_100
565|post_creationDate_index_bPlus_100
368|post_creationDate_index_bPlus_100
665|post_creationDate_index_bPlus_100
197|post_creationDate_index_bPlus_100
580|post_creationDate_index_bPlus_100
127|post_creationDate_index_bPlus_100
458|post_creationDate_index_bPlus_100
263|post_creationDate_index_bPlus_100
490|post_creationDate_index_bPlus_100
720|post_creationDate_index_bPlus_100
54|post_creationDate_index_bPlus_100
638|post_creationDate_index_bPlus_100
200|post_creationDate_index_bPlus_100
718|post_creationDate_index_bPlus_100
84|post_creationDate_index_bPlus_100
845|post_creationDate_index_bPlus_100
301|post_creationDate_index_bPlus_100
809|post_creationDate_index_bPlus_100
217|post_creationDate_index_bPlus_100
848|post_creationDate_index_bPlus_100
34|post_creationDate_index_bPlus_100
660|post_creationDate_index_bPlus_100
296|post_creationDate_index_bPlus_100
780|post_creationDate_index_bPlus_100
154|post_creationDate_index_bPlus_100
663|post_creationDate_index_bPlus_100
303|post_creationDate_index_bPlus_100
732|post_creationDate_index_bPlus_100
88|post_creationDate_index_bPlus_100
949|post_creationDate_index_bPlus_100
376|post_creationDate_index_bPlus_100
751|post_creationDate_index_bPlus_100
176|post_creationDate_index_bPlus_100
395|post_creationDate_index_bPlus_100
696|post_creationDate_index_bPlus_100
44|post_creationDate_index_bPlus_100
813|post_creationDate_index_bPlus_100
464|post_creationDate_index_bPlus_100
832|post_creationDate_index_bPlus_100
306|post_creationDate_index_bPlus_100
998|post_creationDate_index_bPlus_100
567|post_creationDate_index_bPlus_100
122|post_creationDate_index_bPlus_100
688|post_creationDate_index_bPlus_100
439|post_creationDate_index_bPlus_100
687|post_creationDate_index_bPlus_100
79|post_creationDate_index_bPlus_100
891|post_creationDate_index_bPlus_100
692|post_creationDate_index_bPlus_100
164|post_creationDate_index_bPlus_100
602|post_creationDate_index_bPlus_100
381|post_creationDate_index_bPlus_100
537|post_creationDate_index_bPlus_100
929|post_creationDate_index_bPlus_100
21|post_creationDate_index_bPlus_100
566|post_creationDate_index_bPlus_100
269|post_creationDate_index_bPlus_100
952|post_creationDate_index_bPlus_100
473|post_creationDate_index_bPlus_100
765|post_creationDate_index_bPlus_100
66|post_creationDate_index_bPlus_100
522|post_creationDate_index_bPlus_100
183|post_creationDate_index_bPlus_100
513|post_creationDate_index_bPlus_100
358|post_creationDate_index_bPlus_100
16|post_creationDate_index_bPlus_100
768|post_creationDate_index_bPlus_100
349|post_creationDate_index_bPlus_100
942|post_creationDate_index_bPlus_100
594|post_creationDate_index_bPlus_100
203|post_creationDate_index_bPlus_100
141|post_creationDate_index_bPlus_100
614|post_creationDate_index_bPlus_100
308|post_creationDate_index_bPlus_100
892|post_creationDate_index_bPlus_100
219|post_creationDate_index_bPlus_100
716|post_creationDate_index_bPlus_100
359|post_creationDate_index_bPlus_100
767|post_creationDate_index_bPlus_100
68|post_creationDate_index_bPlus_100
763|post_creationDate_index_bPlus_100
404|post_creationDate_index_bPlus_100
735|post_creationDate_index_bPlus_100
133|post_creationDate_index_bPlus_100
697|post_creationDate_index_bPlus_100
214|post_creationDate_index_bPlus_100
869|post_creationDate_index_bPlus_100
593|post_creationDate_index_bPlus_100
35|post_creationDate_index_bPlus_100
576|post_creationDate_index_bPlus_100
850|post_creationDate_index_bPlus_100
209|post_creationDate_index_bPlus_100
466|post_creationDate_index_bPlus_100
831|post_creationDate_index_bPlus_100
131|post_creationDate_index_bPlus_100
790|post_creationDate_index_bPlus_100
298|post_creationDate_index_bPlus_100
623|post_creationDate_index_bPlus_100
61|post_creationDate_index_bPlus_100
582|post_creationDate_index_bPlus_100
258|post_creationDate_index_bPlus_100
456|post_creationDate_index_bPlus_100
184|post_creationDate_index_bPlus_100
794|post_creationDate_index_bPlus_100
414|post_creationDate_index_bPlus_100
123|post_creationDate_index_bPlus_100
505|post_creationDate_index_bPlus_100
235|post_creationDate_index_bPlus_100
828|post_creationDate_index_bPlus_100
354|post_creationDate_index_bPlus_100
802|post_creationDate_index_bPlus_100
11|post_creationDate_index_bPlus_100
484|post_creationDate_index_bPlus_100
693|post_creationDate_index_bPlus_100
147|post_creationDate_index_bPlus_100
879|post_creationDate_index_bPlus_100
245|post_creationDate_index_bPlus_100
793|post_creationDate_index_bPlus_100
422|post_creationDate_index_bPlus_100
745|post_creationDate_index_bPlus_100
69|post_creationDate_index_bPlus_100
647|post_creationDate_index_bPlus_100
753|post_creationDate_index_bPlus_100
280|post_creationDate_index_bPlus_100
608|post_creationDate_index_bPlus_100
130|post_creationDate_index_bPlus_100
600|post_creationDate_index_bPlus_100
211|post_creationDate_index_bPlus_100
631|post_creationDate_index_bPlus_100
417|post_creationDate_index_bPlus_100
930|post_creationDate_index_bPlus_100
28|post_creationDate_index_bPlus_100
789|post_creationDate_index_bPlus_100
462|post_creationDate_index_bPlus_100
749|post_creationDate_index_bPlus_100
241|post_creationDate_index_bPlus_100
957|post_creationDate_index_bPlus_100
548|post_creationDate_index_bPlus_100
684|post_creationDate_index_bPlus_100
342|post_creationDate_index_bPlus_100
992|post_creationDate_index_bPlus_100
126|post_creationDate_index_bPlus_100
658|post_creationDate_index_bPlus_100
783|post_creationDate_index_bPlus_100
446|post_creationDate_index_bPlus_100
49|post_creationDate_index_bPlus_100
889|post_creationDate_index_bPlus_100
561|post_creationDate_index_bPlus_100
997|post_creationDate_index_bPlus_100
285|post_creationDate_index_bPlus_100
761|post_creationDate_index_bPlus_100
430|post_creationDate_index_bPlus_100
155|post_creationDate_index_bPlus_100
741|post_creationDate_index_bPlus_100
346|post_creationDate_index_bPlus_100
674|post_creationDate_index_bPlus_100
857|post_creationDate_index_bPlus_100
80|post_creationDate_index_bPlus_100
766|post_creationDate_index_bPlus_100
487|post_creationDate_index_bPlus_100
970|post_creationDate_index_bPlus_100
246|post_creationDate_index_bPlus_100
841|post_creationDate_index_bPlus_100
573|post_creationDate_index_bPlus_100
440|post_creationDate_index_bPlus_100
792|post_creationDate_index_bPlus_100
5|post_creationDate_index_bPlus_100
810|post_creationDate_index_bPlus_100
590|post_creationDate_index_bPlus_100
256|post_creationDate_index_bPlus_100
413|post_creationDate_index_bPlus_100
806|post_creationDate_index_bPlus_100
107|post_creationDate_index_bPlus_100
498|post_creationDate_index_bPlus_100
378|post_creationDate_index_bPlus_100
181|post_creationDate_index_bPlus_100
854|post_creationDate_index_bPlus_100
514|post_creationDate_index_bPlus_100
322|post_creationDate_index_bPlus_100
57|post_creationDate_index_bPlus_100
677|post_creationDate_index_bPlus_100
339|post_creationDate_index_bPlus_100
844|post_creationDate_index_bPlus_100
511|post_creationDate_index_bPlus_100
179|post_creationDate_index_bPlus_100
721|post_creationDate_index_bPlus_100
383|post_creationDate_index_bPlus_100
102|post_creationDate_index_bPlus_100
568|post_creationDate_index_bPlus_100
882|post_creationDate_index_bPlus_100
229|post_creationDate_index_bPlus_100
905|post_creationDate_index_bPlus_100
482|post_creationDate_index_bPlus_100
772|post_creationDate_index_bPlus_100
26|post_creationDate_index_bPlus_100
784|post_creationDate_index_bPlus_100
338|post_creationDate_index_bPlus_100
872|post_creationDate_index_bPlus_100
536|post_creationDate_index_bPlus_100
189|post_creationDate_index_bPlus_100
824|post_creationDate_index_bPlus_100
431|post_creationDate_index_bPlus_100
776|post_creationDate_index_bPlus_100
92|post_creationDate_index_bPlus_100
805|post_creationDate_index_bPlus_100
508|post_creationDate_index_bPlus_100
999|post_creationDate_index_bPlus_100
216|post_creationDate_index_bPlus_100
764|post_creationDate_index_bPlus_100
43|post_creationDate_index_bPlus_100
921|post_creationDate_index_bPlus_100
686|post_creationDate_index_bPlus_100
341|post_creationDate_index_bPlus_100
551|post_creationDate_index_bPlus_100
158|post_creationDate_index_bPlus_100
754|post_creationDate_index_bPlus_100
313|post_creationDate_index_bPlus_100
550|post_creationDate_index_bPlus_100
830|post_creationDate_index_bPlus_100
99|post_creationDate_index_bPlus_100
756|post_creationDate_index_bPlus_100
489|post_creationDate_index_bPlus_100
953|post_creationDate_index_bPlus_100
226|post_creationDate_index_bPlus_100
833|post_creationDate_index_bPlus_100
483|post_creationDate_index_bPlus_100
849|post_creationDate_index_bPlus_100
67|post_creationDate_index_bPlus_100
950|post_creationDate_index_bPlus_100
707|post_creationDate_index_bPlus_100
295|post_creationDate_index_bPlus_100
980|post_creationDate_index_bPlus_100
579|post_creationDate_index_bPlus_100
142|post_creationDate_index_bPlus_100
719|post_creationDate_index_bPlus_100
367|post_creationDate_index_bPlus_100
885|post_creationDate_index_bPlus_100
213|post_creationDate_index_bPlus_100
907|post_creationDate_index_bPlus_100
379|post_creationDate_index_bPlus_100
630|post_creationDate_index_bPlus_100
956|post_creationDate_index_bPlus_100
106|post_creationDate_index_bPlus_100
771|post_creationDate_index_bPlus_100
492|post_creationDate_index_bPlus_100
859|post_creationDate_index_bPlus_100
267|post_creationDate_index_bPlus_100
479|post_creationDate_index_bPlus_100
212|post_creationDate_index_bPlus_100
694|post_creationDate_index_bPlus_100
325|post_creationDate_index_bPlus_100
678|post_creationDate_index_bPlus_100
15|post_creationDate_index_bPlus_100
996|post_creationDate_index_bPlus_100
497|post_creationDate_index_bPlus_100
881|post_creationDate_index_bPlus_100
352|post_creationDate_index_bPlus_100
990|post_creationDate_index_bPlus_100
759|post_creationDate_index_bPlus_100
512|post_creationDate_index_bPlus_100
215|post_creationDate_index_bPlus_100
655|post_creationDate_index_bPlus_100
981|post_creationDate_index_bPlus_100
96|post_creationDate_index_bPlus_100
542|post_creationDate_index_bPlus_100
910|post_creationDate_index_bPlus_100
182|post_creationDate_index_bPlus_100
652|post_creationDate_index_bPlus_100
478|post_creationDate_index_bPlus_100
51|post_creationDate_index_bPlus_100
672|post_creationDate_index_bPlus_100
281|post_creationDate_index_bPlus_100
572|post_creationDate_index_bPlus_100
157|post_creationDate_index_bPlus_100
856|post_creationDate_index_bPlus_100
485|post_creationDate_index_bPlus_100
800|post_creationDate_index_bPlus_100
87|post_creationDate_index_bPlus_100
412|post_creationDate_index_bPlus_100
254|post_creationDate_index_bPlus_100
429|post_creationDate_index_bPlus_100
823|post_creationDate_index_bPlus_100
329|post_creationDate_index_bPlus_100
657|post_creationDate_index_bPlus_100
25|post_creationDate_index_bPlus_100
474|post_creationDate_index_bPlus_100
702|post_creationDate_index_bPlus_100
156|post_creationDate_index_bPlus_100
965|post_creationDate_index_bPlus_100
370|post_creationDate_index_bPlus_100
915|post_creationDate_index_bPlus_100
517|post_creationDate_index_bPlus_100
834|post_creationDate_index_bPlus_100
64|post_creationDate_index_bPlus_100
624|post_creationDate_index_bPlus_100
317|post_creationDate_index_bPlus_100
642|post_creationDate_index_bPlus_100
143|post_creationDate_index_bPlus_100
826|post_creationDate_index_bPlus_100
447|post_creationDate_index_bPlus_100
236|post_creationDate_index_bPlus_100
543|post_creationDate_index_bPlus_100
995|post_creationDate_index_bPlus_100
9|post_creationDate_index_bPlus_100
486|post_creationDate_index_bPlus_100
279|post_creationDate_index_bPlus_100
509|post_creationDate_index_bPlus_100
1000|post_creationDate_index_bPlus_100
148|post_creationDate_index_bPlus_100
744|post_creationDate_index_bPlus_100
318|post_creationDate_index_bPlus_100
958|post_creationDate_index_bPlus_100
627|post_creationDate_index_bPlus_100
97|post_creationDate_index_bPlus_100
516|post_creationDate_index_bPlus_100
196|post_creationDate_index_bPlus_100
713|post_creationDate_index_bPlus_100
432|post_creationDate_index_bPlus_100
795|post_creationDate_index_bPlus_100
53|post_creationDate_index_bPlus_100
562|post_creationDate_index_bPlus_100
344|post_creationDate_index_bPlus_100
976|post_creationDate_index_bPlus_100
612|post_creationDate_index_bPlus_100
166|post_creationDate_index_bPlus_100
397|post_creationDate_index_bPlus_100
86|post_creationDate_index_bPlus_100
695|post_creationDate_index_bPlus_100
223|post_creationDate_index_bPlus_100
706|post_creationDate_index_bPlus_100
335|post_creationDate_index_bPlus_100
626|post_creationDate_index_bPlus_100
136|post_creationDate_index_bPlus_100
880|post_creationDate_index_bPlus_100
377|post_creationDate_index_bPlus_100
835|post_creationDate_index_bPlus_100
273|post_creationDate_index_bPlus_100
897|post_creationDate_index_bPlus_100
441|post_creationDate_index_bPlus_100
815|post_creationDate_index_bPlus_100
27|post_creationDate_index_bPlus_100
752|post_creationDate_index_bPlus_100
384|post_creationDate_index_bPlus_100
310|post_creationDate_index_bPlus_100
803|post_creationDate_index_bPlus_100
185|post_creationDate_index_bPlus_100
526|post_creationDate_index_bPlus_100
962|post_creationDate_index_bPlus_100
82|post_creationDate_index_bPlus_100
519|post_creationDate_index_bPlus_100
975|post_creationDate_index_bPlus_100
220|post_creationDate_index_bPlus_100
586|post_creationDate_index_bPlus_100
120|post_creationDate_index_bPlus_100
886|post_creationDate_index_bPlus_100
326|post_creationDate_index_bPlus_100
715|post_creationDate_index_bPlus_100
227|post_creationDate_index_bPlus_100
518|post_creationDate_index_bPlus_100
47|post_creationDate_index_bPlus_100
636|post_creationDate_index_bPlus_100
386|post_creationDate_index_bPlus_100
202|post_creationDate_index_bPlus_100
733|post_creationDate_index_bPlus_100
460|post_creationDate_index_bPlus_100
319|post_creationDate_index_bPlus_100
922|post_creationDate_index_bPlus_100
617|post_creationDate_index_bPlus_100
252|post_creationDate_index_bPlus_100
533|post_creationDate_index_bPlus_100
89|post_creationDate_index_bPlus_100
393|post_creationDate_index_bPlus_100
726|post_creationDate_index_bPlus_100
165|post_creationDate_index_bPlus_100
635|post_creationDate_index_bPlus_100
14|post_creationDate_index_bPlus_100
890|post_creationDate_index_bPlus_100
451|post_creationDate_index_bPlus_100
894|post_creationDate_index_bPlus_100
238|post_creationDate_index_bPlus_100
874|post_creationDate_index_bPlus_100
373|post_creationDate_index_bPlus_100
670|post_creationDate_index_bPlus_100
162|post_creationDate_index_bPlus_100
782|post_creationDate_index_bPlus_100
401|post_creationDate_index_bPlus_100
113|post_creationDate_index_bPlus_100
659|post_creationDate_index_bPlus_100
374|post_creationDate_index_bPlus_100
177|post_creationDate_index_bPlus_100
914|post_creationDate_index_bPlus_100
365|post_creationDate_index_bPlus_100
979|post_creationDate_index_bPlus_100
29|post_creationDate_index_bPlus_100
361|post_creationDate_index_bPlus_100
799|post_creationDate_index_bPlus_100
210|post_creationDate_index_bPlus_100
941|post_creationDate_index_bPlus_100
528|post_creationDate_index_bPlus_100
72|post_creationDate_index_bPlus_100
870|post_creationDate_index_bPlus_100
239|post_creationDate_index_bPlus_100
989|post_creationDate_index_bPlus_100
360|post_creationDate_index_bPlus_100
109|post_creationDate_index_bPlus_100
575|post_creationDate_index_bPlus_100
736|post_creationDate_index_bPlus_100
180|post_creationDate_index_bPlus_100
667|post_creationDate_index_bPlus_100
382|post_creationDate_index_bPlus_100
801|post_creationDate_index_bPlus_100
36|post_creationDate_index_bPlus_100
963|post_creationDate_index_bPlus_100
444|post_creationDate_index_bPlus_100
808|post_creationDate_index_bPlus_100
230|post_creationDate_index_bPlus_100
944|post_creationDate_index_bPlus_100
403|post_creationDate_index_bPlus_100
769|post_creationDate_index_bPlus_100
119|post_creationDate_index_bPlus_100
450|post_creationDate_index_bPlus_100
982|post_creationDate_index_bPlus_100
305|post_creationDate_index_bPlus_100
807|post_creationDate_index_bPlus_100
7|post_creationDate_index_bPlus_100
570|post_creationDate_index_bPlus_100
323|post_creationDate_index_bPlus_100
796|post_creationDate_index_bPlus_100
163|post_creationDate_index_bPlus_100
917|post_creationDate_index_bPlus_100
371|post_creationDate_index_bPlus_100
622|post_creationDate_index_bPlus_100
121|post_creationDate_index_bPlus_100
416|post_creationDate_index_bPlus_100
538|post_creationDate_index_bPlus_100
286|post_creationDate_index_bPlus_100
887|post_creationDate_index_bPlus_100
442|post_creationDate_index_bPlus_100
205|post_creationDate_index_bPlus_100
668|post_creationDate_index_bPlus_100
56|post_creationDate_index_bPlus_100
972|post_creationDate_index_bPlus_100
689|post_creationDate_index_bPlus_100
265|post_creationDate_index_bPlus_100
597|post_creationDate_index_bPlus_100
161|post_creationDate_index_bPlus_100
871|post_creationDate_index_bPlus_100
362|post_creationDate_index_bPlus_100
711|post_creationDate_index_bPlus_100
108|post_creationDate_index_bPlus_100
762|post_creationDate_index_bPlus_100
558|post_creationDate_index_bPlus_100
827|post_creationDate_index_bPlus_100
277|post_creationDate_index_bPlus_100
700|post_creationDate_index_bPlus_100
17|post_creationDate_index_bPlus_100
557|post_creationDate_index_bPlus_100
268|post_creationDate_index_bPlus_100
574|post_creationDate_index_bPlus_100
78|post_creationDate_index_bPlus_100
778|post_creationDate_index_bPlus_100
436|post_creationDate_index_bPlus_100
866|post_creationDate_index_bPlus_100
128|post_creationDate_index_bPlus_100
311|post_creationDate_index_bPlus_100
563|post_creationDate_index_bPlus_100
45|post_creationDate_index_bPlus_100
299|post_creationDate_index_bPlus_100
415|post_creationDate_index_bPlus_100
973|post_creationDate_index_bPlus_100
140|post_creationDate_index_bPlus_100
425|post_creationDate_index_bPlus_100
867|post_creationDate_index_bPlus_100
24|post_creationDate_index_bPlus_100
779|post_creationDate_index_bPlus_100
625|post_creationDate_index_bPlus_100
237|post_creationDate_index_bPlus_100
419|post_creationDate_index_bPlus_100
788|post_creationDate_index_bPlus_100
146|post_creationDate_index_bPlus_100
781|post_creationDate_index_bPlus_100
316|post_creationDate_index_bPlus_100
685|post_creationDate_index_bPlus_100
98|post_creationDate_index_bPlus_100
673|post_creationDate_index_bPlus_100
345|post_creationDate_index_bPlus_100
875|post_creationDate_index_bPlus_100
571|post_creationDate_index_bPlus_100
71|post_creationDate_index_bPlus_100
847|post_creationDate_index_bPlus_100
488|post_creationDate_index_bPlus_100
853|post_creationDate_index_bPlus_100
175|post_creationDate_index_bPlus_100
868|post_creationDate_index_bPlus_100
443|post_creationDate_index_bPlus_100
787|post_creationDate_index_bPlus_100
38|post_creationDate_index_bPlus_100
946|post_creationDate_index_bPlus_100
669|post_creationDate_index_bPlus_100
421|post_creationDate_index_bPlus_100
650|post_creationDate_index_bPlus_100
231|post_creationDate_index_bPlus_100
653|post_creationDate_index_bPlus_100
387|post_creationDate_index_bPlus_100
544|post_creationDate_index_bPlus_100
153|post_creationDate_index_bPlus_100
983|post_creationDate_index_bPlus_100
618|post_creationDate_index_bPlus_100
873|post_creationDate_index_bPlus_100
289|post_creationDate_index_bPlus_100
569|post_creationDate_index_bPlus_100
785|post_creationDate_index_bPlus_100
55|post_creationDate_index_bPlus_100
467|post_creationDate_index_bPlus_100
244|post_creationDate_index_bPlus_100
728|post_creationDate_index_bPlus_100
396|post_creationDate_index_bPlus_100
105|post_creationDate_index_bPlus_100
724|post_creationDate_index_bPlus_100
459|post_creationDate_index_bPlus_100
746|post_creationDate_index_bPlus_100
243|post_creationDate_index_bPlus_100
773|post_creationDate_index_bPlus_100
426|post_creationDate_index_bPlus_100
743|post_creationDate_index_bPlus_100
312|post_creationDate_index_bPlus_100
648|post_creationDate_index_bPlus_100
10|post_creationDate_index_bPlus_100
661|post_creationDate_index_bPlus_100
357|post_creationDate_index_bPlus_100
620|post_creationDate_index_bPlus_100
222|post_creationDate_index_bPlus_100
864|post_creationDate_index_bPlus_100
418|post_creationDate_index_bPlus_100
649|post_creationDate_index_bPlus_100
81|post_creationDate_index_bPlus_100
603|post_creationDate_index_bPlus_100
261|post_creationDate_index_bPlus_100
988|post_creationDate_index_bPlus_100
705|post_creationDate_index_bPlus_100
445|post_creationDate_index_bPlus_100
118|post_creationDate_index_bPlus_100
504|post_creationDate_index_bPlus_100
812|post_creationDate_index_bPlus_100
287|post_creationDate_index_bPlus_100
683|post_creationDate_index_bPlus_100
40|post_creationDate_index_bPlus_100
540|post_creationDate_index_bPlus_100
628|post_creationDate_index_bPlus_100
168|post_creationDate_index_bPlus_100
926|post_creationDate_index_bPlus_100
535|post_creationDate_index_bPlus_100
375|post_creationDate_index_bPlus_100
797|post_creationDate_index_bPlus_100
468|post_creationDate_index_bPlus_100
62|post_creationDate_index_bPlus_100
599|post_creationDate_index_bPlus_100
363|post_creationDate_index_bPlus_100
666|post_creationDate_index_bPlus_100
139|post_creationDate_index_bPlus_100
757|post_creationDate_index_bPlus_100
300|post_creationDate_index_bPlus_100
438|post_creationDate_index_bPlus_100
206|post_creationDate_index_bPlus_100
811|post_creationDate_index_bPlus_100
406|post_creationDate_index_bPlus_100
585|post_creationDate_index_bPlus_100
20|post_creationDate_index_bPlus_100
966|post_creationDate_index_bPlus_100
510|post_creationDate_index_bPlus_100
755|post_creationDate_index_bPlus_100
337|post_creationDate_index_bPlus_100
159|post_creationDate_index_bPlus_100
911|post_creationDate_index_bPlus_100
564|post_creationDate_index_bPlus_100
912|post_creationDate_index_bPlus_100
343|post_creationDate_index_bPlus_100
95|post_creationDate_index_bPlus_100
770|post_creationDate_index_bPlus_100
532|post_creationDate_index_bPlus_100
304|post_creationDate_index_bPlus_100
747|post_creationDate_index_bPlus_100
167|post_creationDate_index_bPlus_100
616|post_creationDate_index_bPlus_100
292|post_creationDate_index_bPlus_100
595|post_creationDate_index_bPlus_100
993|post_creationDate_index_bPlus_100
59|post_creationDate_index_bPlus_100
491|post_creationDate_index_bPlus_100
923|post_creationDate_index_bPlus_100
276|post_creationDate_index_bPlus_100
455|post_creationDate_index_bPlus_100
101|post_creationDate_index_bPlus_100
991|post_creationDate_index_bPlus_100
356|post_creationDate_index_bPlus_100
858|post_creationDate_index_bPlus_100
225|post_creationDate_index_bPlus_100
750|post_creationDate_index_bPlus_100
531|post_creationDate_index_bPlus_100
820|post_creationDate_index_bPlus_100
