1|896|post_creationDate_index_bPlus_100
896|471|post_creationDate_index_bPlus_100
471|348|post_creationDate_index_bPlus_100
348|698|post_creationDate_index_bPlus_100
698|174|post_creationDate_index_bPlus_100
174|840|post_creationDate_index_bPlus_100
840|394|post_creationDate_index_bPlus_100
394|717|post_creationDate_index_bPlus_100
717|336|post_creationDate_index_bPlus_100
336|646|post_creationDate_index_bPlus_100
646|103|post_creationDate_index_bPlus_100
103|895|post_creationDate_index_bPlus_100
895|639|post_creationDate_index_bPlus_100
639|328|post_creationDate_index_bPlus_100
328|643|post_creationDate_index_bPlus_100
643|187|post_creationDate_index_bPlus_100
187|690|post_creationDate_index_bPlus_100
690|270|post_creationDate_index_bPlus_100
270|883|post_creationDate_index_bPlus_100
883|364|post_creationDate_index_bPlus_100
364|899|post_creationDate_index_bPlus_100
899|63|post_creationDate_index_bPlus_100
63|409|post_creationDate_index_bPlus_100
409|936|post_creationDate_index_bPlus_100
936|248|post_creationDate_index_bPlus_100
248|691|post_creationDate_index_bPlus_100
691|380|post_creationDate_index_bPlus_100
380|110|post_creationDate_index_bPlus_100
110|644|post_creationDate_index_bPlus_100
644|291|post_creationDate_index_bPlus_100
291|587|post_creationDate_index_bPlus_100
587|959|post_creationDate_index_bPlus_100
959|194|post_creationDate_index_bPlus_100
194|520|post_creationDate_index_bPlus_100
520|41|post_creationDate_index_bPlus_100
41|274|post_creationDate_index_bPlus_100
274|645|post_creationDate_index_bPlus_100
645|193|post_creationDate_index_bPlus_100
193|619|post_creationDate_index_bPlus_100
619|129|post_creationDate_index_bPlus_100
129|671|post_creationDate_index_bPlus_100
671|208|post_creationDate_index_bPlus_100
208|986|post_creationDate_index_bPlus_100
986|448|post_creationDate_index_bPlus_100
448|985|post_creationDate_index_bPlus_100
985|4|post_creationDate_index_bPlus_100
4|500|post_creationDate_index_bPlus_100
500|712|post_creationDate_index_bPlus_100
712|932|post_creationDate_index_bPlus_100
932|353|post_creationDate_index_bPlus_100
353|703|post_creationDate_index_bPlus_100
703|862|post_creationDate_index_bPlus_100
862|188|post_creationDate_index_bPlus_100
188|714|post_creationDate_index_bPlus_100
714|407|post_creationDate_index_bPlus_100
407|939|post_creationDate_index_bPlus_100
939|288|post_creationDate_index_bPlus_100
288|588|post_creationDate_index_bPlus_100
588|91|post_creationDate_index_bPlus_100
91|547|post_creationDate_index_bPlus_100
547|347|post_creationDate_index_bPlus_100
347|758|post_creationDate_index_bPlus_100
758|173|post_creationDate_index_bPlus_100
173|934|post_creationDate_index_bPlus_100
934|420|post_creationDate_index_bPlus_100
420|971|post_creationDate_index_bPlus_100
971|242|post_creationDate_index_bPlus_100
242|737|post_creationDate_index_bPlus_100
737|327|post_creationDate_index_bPlus_100
327|904|post_creationDate_index_bPlus_100
904|734|post_creationDate_index_bPlus_100
734|46|post_creationDate_index_bPlus_100
46|994|post_creationDate_index_bPlus_100
994|493|post_creationDate_index_bPlus_100
493|240|post_creationDate_index_bPlus_100
240|918|post_creationDate_index_bPlus_100
918|545|post_creationDate_index_bPlus_100
545|927|post_creationDate_index_bPlus_100
927|290|post_creationDate_index_bPlus_100
290|629|post_creationDate_index_bPlus_100
629|186|post_creationDate_index_bPlus_100
186|529|post_creationDate_index_bPlus_100
529|798|post_creationDate_index_bPlus_100
798|23|post_creationDate_index_bPlus_100
23|777|post_creationDate_index_bPlus_100
777|331|post_creationDate_index_bPlus_100
331|725|post_creationDate_index_bPlus_100
725|250|post_creationDate_index_bPlus_100
250|954|post_creationDate_index_bPlus_100
954|530|post_creationDate_index_bPlus_100
530|169|post_creationDate_index_bPlus_100
169|938|post_creationDate_index_bPlus_100
938|610|post_creationDate_index_bPlus_100
610|410|post_creationDate_index_bPlus_100
410|93|post_creationDate_index_bPlus_100
93|589|post_creationDate_index_bPlus_100
589|293|post_creationDate_index_bPlus_100
293|637|post_creationDate_index_bPlus_100
637|987|post_creationDate_index_bPlus_100
987|145|post_creationDate_index_bPlus_100
145|400|post_creationDate_index_bPlus_100
400|928|post_creationDate_index_bPlus_100
928|611|post_creationDate_index_bPlus_100
611|842|post_creationDate_index_bPlus_100
842|48|post_creationDate_index_bPlus_100
48|935|post_creationDate_index_bPlus_100
935|391|post_creationDate_index_bPlus_100
391|135|post_creationDate_index_bPlus_100
135|920|post_creationDate_index_bPlus_100
920|480|post_creationDate_index_bPlus_100
480|218|post_creationDate_index_bPlus_100
218|607|post_creationDate_index_bPlus_100
607|925|post_creationDate_index_bPlus_100
925|6|post_creationDate_index_bPlus_100
6|861|post_creationDate_index_bPlus_100
861|427|post_creationDate_index_bPlus_100
427|884|post_creationDate_index_bPlus_100
884|275|post_creationDate_index_bPlus_100
275|817|post_creationDate_index_bPlus_100
817|501|post_creationDate_index_bPlus_100
501|111|post_creationDate_index_bPlus_100
111|523|post_creationDate_index_bPlus_100
523|676|post_creationDate_index_bPlus_100
676|255|post_creationDate_index_bPlus_100
255|662|post_creationDate_index_bPlus_100
662|52|post_creationDate_index_bPlus_100
52|786|post_creationDate_index_bPlus_100
786|369|post_creationDate_index_bPlus_100
369|578|post_creationDate_index_bPlus_100
578|195|post_creationDate_index_bPlus_100
195|818|post_creationDate_index_bPlus_100
818|330|post_creationDate_index_bPlus_100
330|632|post_creationDate_index_bPlus_100
632|112|post_creationDate_index_bPlus_100
112|919|post_creationDate_index_bPlus_100
919|332|post_creationDate_index_bPlus_100
332|909|post_creationDate_index_bPlus_100
909|207|post_creationDate_index_bPlus_100
207|940|post_creationDate_index_bPlus_100
940|521|post_creationDate_index_bPlus_100
521|22|post_creationDate_index_bPlus_100
22|433|post_creationDate_index_bPlus_100
433|860|post_creationDate_index_bPlus_100
860|234|post_creationDate_index_bPlus_100
234|408|post_creationDate_index_bPlus_100
408|839|post_creationDate_index_bPlus_100
839|134|post_creationDate_index_bPlus_100
134|822|post_creationDate_index_bPlus_100
822|553|post_creationDate_index_bPlus_100
553|198|post_creationDate_index_bPlus_100
198|937|post_creationDate_index_bPlus_100
937|502|post_creationDate_index_bPlus_100
502|355|post_creationDate_index_bPlus_100
355|507|post_creationDate_index_bPlus_100
507|65|post_creationDate_index_bPlus_100
65|463|post_creationDate_index_bPlus_100
463|738|post_creationDate_index_bPlus_100
738|262|post_creationDate_index_bPlus_100
262|481|post_creationDate_index_bPlus_100
481|876|post_creationDate_index_bPlus_100
876|160|post_creationDate_index_bPlus_100
160|933|post_creationDate_index_bPlus_100
933|640|post_creationDate_index_bPlus_100
640|405|post_creationDate_index_bPlus_100
405|727|post_creationDate_index_bPlus_100
727|32|post_creationDate_index_bPlus_100
32|947|post_creationDate_index_bPlus_100
947|264|post_creationDate_index_bPlus_100
264|499|post_creationDate_index_bPlus_100
499|898|post_creationDate_index_bPlus_100
898|117|post_creationDate_index_bPlus_100
117|701|post_creationDate_index_bPlus_100
701|228|post_creationDate_index_bPlus_100
228|641|post_creationDate_index_bPlus_100
641|74|post_creationDate_index_bPlus_100
74|664|post_creationDate_index_bPlus_100
664|307|post_creationDate_index_bPlus_100
307|604|post_creationDate_index_bPlus_100
604|838|post_creationDate_index_bPlus_100
838|149|post_creationDate_index_bPlus_100
149|609|post_creationDate_index_bPlus_100
609|333|post_creationDate_index_bPlus_100
333|742|post_creationDate_index_bPlus_100
742|12|post_creationDate_index_bPlus_100
12|477|post_creationDate_index_bPlus_100
477|837|post_creationDate_index_bPlus_100
837|170|post_creationDate_index_bPlus_100
170|968|post_creationDate_index_bPlus_100
968|315|post_creationDate_index_bPlus_100
315|549|post_creationDate_index_bPlus_100
549|964|post_creationDate_index_bPlus_100
964|70|post_creationDate_index_bPlus_100
70|552|post_creationDate_index_bPlus_100
552|392|post_creationDate_index_bPlus_100
392|931|post_creationDate_index_bPlus_100
931|314|post_creationDate_index_bPlus_100
314|598|post_creationDate_index_bPlus_100
598|33|post_creationDate_index_bPlus_100
33|710|post_creationDate_index_bPlus_100
710|271|post_creationDate_index_bPlus_100
271|984|post_creationDate_index_bPlus_100
984|424|post_creationDate_index_bPlus_100
424|115|post_creationDate_index_bPlus_100
115|524|post_creationDate_index_bPlus_100
524|320|post_creationDate_index_bPlus_100
320|903|post_creationDate_index_bPlus_100
903|503|post_creationDate_index_bPlus_100
503|901|post_creationDate_index_bPlus_100
901|77|post_creationDate_index_bPlus_100
77|634|post_creationDate_index_bPlus_100
634|309|post_creationDate_index_bPlus_100
309|144|post_creationDate_index_bPlus_100
144|584|post_creationDate_index_bPlus_100
584|865|post_creationDate_index_bPlus_100
865|272|post_creationDate_index_bPlus_100
272|969|post_creationDate_index_bPlus_100
969|2|post_creationDate_index_bPlus_100
2|476|post_creationDate_index_bPlus_100
476|825|post_creationDate_index_bPlus_100
825|247|post_creationDate_index_bPlus_100
247|804|post_creationDate_index_bPlus_100
804|605|post_creationDate_index_bPlus_100
605|340|post_creationDate_index_bPlus_100
340|819|post_creationDate_index_bPlus_100
819|560|post_creationDate_index_bPlus_100
560|76|post_creationDate_index_bPlus_100
76|893|post_creationDate_index_bPlus_100
893|496|post_creationDate_index_bPlus_100
496|974|post_creationDate_index_bPlus_100
974|137|post_creationDate_index_bPlus_100
137|577|post_creationDate_index_bPlus_100
577|334|post_creationDate_index_bPlus_100
334|709|post_creationDate_index_bPlus_100
709|31|post_creationDate_index_bPlus_100
31|494|post_creationDate_index_bPlus_100
494|257|post_creationDate_index_bPlus_100
257|592|post_creationDate_index_bPlus_100
592|138|post_creationDate_index_bPlus_100
138|916|post_creationDate_index_bPlus_100
916|472|post_creationDate_index_bPlus_100
472|233|post_creationDate_index_bPlus_100
233|506|post_creationDate_index_bPlus_100
506|951|post_creationDate_index_bPlus_100
951|75|post_creationDate_index_bPlus_100
75|723|post_creationDate_index_bPlus_100
723|398|post_creationDate_index_bPlus_100
398|680|post_creationDate_index_bPlus_100
680|150|post_creationDate_index_bPlus_100
150|350|post_creationDate_index_bPlus_100
350|760|post_creationDate_index_bPlus_100
760|199|post_creationDate_index_bPlus_100
199|539|post_creationDate_index_bPlus_100
539|18|post_creationDate_index_bPlus_100
18|730|post_creationDate_index_bPlus_100
730|283|post_creationDate_index_bPlus_100
283|555|post_creationDate_index_bPlus_100
555|132|post_creationDate_index_bPlus_100
132|722|post_creationDate_index_bPlus_100
722|302|post_creationDate_index_bPlus_100
302|888|post_creationDate_index_bPlus_100
888|411|post_creationDate_index_bPlus_100
411|699|post_creationDate_index_bPlus_100
699|90|post_creationDate_index_bPlus_100
90|967|post_creationDate_index_bPlus_100
967|434|post_creationDate_index_bPlus_100
434|774|post_creationDate_index_bPlus_100
774|190|post_creationDate_index_bPlus_100
190|469|post_creationDate_index_bPlus_100
469|948|post_creationDate_index_bPlus_100
948|282|post_creationDate_index_bPlus_100
282|863|post_creationDate_index_bPlus_100
863|534|post_creationDate_index_bPlus_100
534|39|post_creationDate_index_bPlus_100
39|814|post_creationDate_index_bPlus_100
814|249|post_creationDate_index_bPlus_100
249|613|post_creationDate_index_bPlus_100
613|94|post_creationDate_index_bPlus_100
94|449|post_creationDate_index_bPlus_100
449|682|post_creationDate_index_bPlus_100
682|191|post_creationDate_index_bPlus_100
191|829|post_creationDate_index_bPlus_100
829|366|post_creationDate_index_bPlus_100
366|913|post_creationDate_index_bPlus_100
913|601|post_creationDate_index_bPlus_100
601|30|post_creationDate_index_bPlus_100
30|556|post_creationDate_index_bPlus_100
556|294|post_creationDate_index_bPlus_100
294|878|post_creationDate_index_bPlus_100
878|423|post_creationDate_index_bPlus_100
423|251|post_creationDate_index_bPlus_100
251|515|post_creationDate_index_bPlus_100
515|152|post_creationDate_index_bPlus_100
152|581|post_creationDate_index_bPlus_100
581|402|post_creationDate_index_bPlus_100
402|908|post_creationDate_index_bPlus_100
908|50|post_creationDate_index_bPlus_100
50|977|post_creationDate_index_bPlus_100
977|527|post_creationDate_index_bPlus_100
527|260|post_creationDate_index_bPlus_100
260|525|post_creationDate_index_bPlus_100
525|104|post_creationDate_index_bPlus_100
104|740|post_creationDate_index_bPlus_100
740|232|post_creationDate_index_bPlus_100
232|902|post_creationDate_index_bPlus_100
902|435|post_creationDate_index_bPlus_100
435|654|post_creationDate_index_bPlus_100
654|13|post_creationDate_index_bPlus_100
13|437|post_creationDate_index_bPlus_100
437|924|post_creationDate_index_bPlus_100
924|151|post_creationDate_index_bPlus_100
151|855|post_creationDate_index_bPlus_100
855|495|post_creationDate_index_bPlus_100
495|978|post_creationDate_index_bPlus_100
978|284|post_creationDate_index_bPlus_100
284|851|post_creationDate_index_bPlus_100
851|546|post_creationDate_index_bPlus_100
546|651|post_creationDate_index_bPlus_100
651|100|post_creationDate_index_bPlus_100
100|559|post_creationDate_index_bPlus_100
559|351|post_creationDate_index_bPlus_100
351|843|post_creationDate_index_bPlus_100
843|171|post_creationDate_index_bPlus_100
171|656|post_creationDate_index_bPlus_100
656|297|post_creationDate_index_bPlus_100
297|739|post_creationDate_index_bPlus_100
739|73|post_creationDate_index_bPlus_100
73|596|post_creationDate_index_bPlus_100
596|389|post_creationDate_index_bPlus_100
389|583|post_creationDate_index_bPlus_100
583|221|post_creationDate_index_bPlus_100
221|465|post_creationDate_index_bPlus_100
465|729|post_creationDate_index_bPlus_100
729|42|post_creationDate_index_bPlus_100
42|606|post_creationDate_index_bPlus_100
606|278|post_creationDate_index_bPlus_100
278|390|post_creationDate_index_bPlus_100
390|114|post_creationDate_index_bPlus_100
114|704|post_creationDate_index_bPlus_100
704|201|post_creationDate_index_bPlus_100
201|877|post_creationDate_index_bPlus_100
877|452|post_creationDate_index_bPlus_100
452|708|post_creationDate_index_bPlus_100
708|19|post_creationDate_index_bPlus_100
19|675|post_creationDate_index_bPlus_100
675|388|post_creationDate_index_bPlus_100
388|633|post_creationDate_index_bPlus_100
633|178|post_creationDate_index_bPlus_100
178|961|post_creationDate_index_bPlus_100
961|554|post_creationDate_index_bPlus_100
554|116|post_creationDate_index_bPlus_100
116|453|post_creationDate_index_bPlus_100
453|955|post_creationDate_index_bPlus_100
955|259|post_creationDate_index_bPlus_100
259|541|post_creationDate_index_bPlus_100
541|816|post_creationDate_index_bPlus_100
816|85|post_creationDate_index_bPlus_100
85|321|post_creationDate_index_bPlus_100
321|731|post_creationDate_index_bPlus_100
731|192|post_creationDate_index_bPlus_100
192|615|post_creationDate_index_bPlus_100
615|60|post_creationDate_index_bPlus_100
60|791|post_creationDate_index_bPlus_100
791|470|post_creationDate_index_bPlus_100
470|821|post_creationDate_index_bPlus_100
821|266|post_creationDate_index_bPlus_100
266|621|post_creationDate_index_bPlus_100
621|125|post_creationDate_index_bPlus_100
125|836|post_creationDate_index_bPlus_100
836|475|post_creationDate_index_bPlus_100
475|852|post_creationDate_index_bPlus_100
852|37|post_creationDate_index_bPlus_100
37|454|post_creationDate_index_bPlus_100
454|906|post_creationDate_index_bPlus_100
906|124|post_creationDate_index_bPlus_100
124|943|post_creationDate_index_bPlus_100
943|457|post_creationDate_index_bPlus_100
457|253|post_creationDate_index_bPlus_100
253|591|post_creationDate_index_bPlus_100
591|945|post_creationDate_index_bPlus_100
945|58|post_creationDate_index_bPlus_100
58|461|post_creationDate_index_bPlus_100
461|399|post_creationDate_index_bPlus_100
399|681|post_creationDate_index_bPlus_100
681|224|post_creationDate_index_bPlus_100
224|324|post_creationDate_index_bPlus_100
324|775|post_creationDate_index_bPlus_100
775|83|post_creationDate_index_bPlus_100
83|960|post_creationDate_index_bPlus_100
960|679|post_creationDate_index_bPlus_100
679|372|post_creationDate_index_bPlus_100
372|748|post_creationDate_index_bPlus_100
748|172|post_creationDate_index_bPlus_100
172|385|post_creationDate_index_bPlus_100
385|8|post_creationDate_index_bPlus_100
8|565|post_creationDate_index_bPlus_100
565|368|post_creationDate_index_bPlus_100
368|665|post_creationDate_index_bPlus_100
665|197|post_creationDate_index_bPlus_100
197|580|post_creationDate_index_bPlus_100
580|127|post_creationDate_index_bPlus_100
127|458|post_creationDate_index_bPlus_100
458|263|post_creationDate_index_bPlus_100
263|490|post_creationDate_index_bPlus_100
490|720|post_creationDate_index_bPlus_100
720|54|post_creationDate_index_bPlus_100
54|638|post_creationDate_index_bPlus_100
638|200|post_creationDate_index_bPlus_100
200|718|post_creationDate_index_bPlus_100
718|84|post_creationDate_index_bPlus_100
84|845|post_creationDate_index_bPlus_100
845|301|post_creationDate_index_bPlus_100
301|809|post_creationDate_index_bPlus_100
809|217|post_creationDate_index_bPlus_100
217|848|post_creationDate_index_bPlus_100
848|34|post_creationDate_index_bPlus_100
34|660|post_creationDate_index_bPlus_100
660|296|post_creationDate_index_bPlus_100
296|780|post_creationDate_index_bPlus_100
780|154|post_creationDate_index_bPlus_100
154|663|post_creationDate_index_bPlus_100
663|303|post_creationDate_index_bPlus_100
303|732|post_creationDate_index_bPlus_100
732|88|post_creationDate_index_bPlus_100
88|949|post_creationDate_index_bPlus_100
949|376|post_creationDate_index_bPlus_100
376|751|post_creationDate_index_bPlus_100
751|176|post_creationDate_index_bPlus_100
176|395|post_creationDate_index_bPlus_100
395|696|post_creationDate_index_bPlus_100
696|44|post_creationDate_index_bPlus_100
44|813|post_creationDate_index_bPlus_100
813|464|post_creationDate_index_bPlus_100
464|832|post_creationDate_index_bPlus_100
832|306|post_creationDate_index_bPlus_100
306|998|post_creationDate_index_bPlus_100
998|567|post_creationDate_index_bPlus_100
567|122|post_creationDate_index_bPlus_100
122|688|post_creationDate_index_bPlus_100
688|439|post_creationDate_index_bPlus_100
439|687|post_creationDate_index_bPlus_100
687|79|post_creationDate_index_bPlus_100
79|891|post_creationDate_index_bPlus_100
891|692|post_creationDate_index_bPlus_100
692|164|post_creationDate_index_bPlus_100
164|602|post_creationDate_index_bPlus_100
602|381|post_creationDate_index_bPlus_100
381|537|post_creationDate_index_bPlus_100
537|929|post_creationDate_index_bPlus_100
929|21|post_creationDate_index_bPlus_100
21|566|post_creationDate_index_bPlus_100
566|269|post_creationDate_index_bPlus_100
269|952|post_creationDate_index_bPlus_100
952|473|post_creationDate_index_bPlus_100
473|765|post_creationDate_index_bPlus_100
765|66|post_creationDate_index_bPlus_100
66|522|post_creationDate_index_bPlus_100
522|183|post_creationDate_index_bPlus_100
183|513|post_creationDate_index_bPlus_100
513|358|post_creationDate_index_bPlus_100
358|16|post_creationDate_index_bPlus_100
16|768|post_creationDate_index_bPlus_100
768|349|post_creationDate_index_bPlus_100
349|942|post_creationDate_index_bPlus_100
942|594|post_creationDate_index_bPlus_100
594|141|post_creationDate_index_bPlus_100
141|614|post_creationDate_index_bPlus_100
614|308|post_creationDate_index_bPlus_100
308|892|post_creationDate_index_bPlus_100
892|219|post_creationDate_index_bPlus_100
219|716|post_creationDate_index_bPlus_100
716|359|post_creationDate_index_bPlus_100
359|767|post_creationDate_index_bPlus_100
767|68|post_creationDate_index_bPlus_100
68|763|post_creationDate_index_bPlus_100
763|404|post_creationDate_index_bPlus_100
404|735|post_creationDate_index_bPlus_100
735|133|post_creationDate_index_bPlus_100
133|697|post_creationDate_index_bPlus_100
697|214|post_creationDate_index_bPlus_100
214|869|post_creationDate_index_bPlus_100
869|593|post_creationDate_index_bPlus_100
593|35|post_creationDate_index_bPlus_100
35|576|post_creationDate_index_bPlus_100
576|850|post_creationDate_index_bPlus_100
850|209|post_creationDate_index_bPlus_100
209|466|post_creationDate_index_bPlus_100
466|831|post_creationDate_index_bPlus_100
831|131|post_creationDate_index_bPlus_100
131|790|post_creationDate_index_bPlus_100
790|298|post_creationDate_index_bPlus_100
298|623|post_creationDate_index_bPlus_100
623|61|post_creationDate_index_bPlus_100
61|582|post_creationDate_index_bPlus_100
582|258|post_creationDate_index_bPlus_100
258|456|post_creationDate_index_bPlus_100
456|184|post_creationDate_index_bPlus_100
184|794|post_creationDate_index_bPlus_100
794|414|post_creationDate_index_bPlus_100
414|123|post_creationDate_index_bPlus_100
123|505|post_creationDate_index_bPlus_100
505|235|post_creationDate_index_bPlus_100
235|828|post_creationDate_index_bPlus_100
828|354|post_creationDate_index_bPlus_100
354|802|post_creationDate_index_bPlus_100
802|11|post_creationDate_index_bPlus_100
11|484|post_creationDate_index_bPlus_100
484|693|post_creationDate_index_bPlus_100
693|147|post_creationDate_index_bPlus_100
147|879|post_creationDate_index_bPlus_100
879|245|post_creationDate_index_bPlus_100
245|793|post_creationDate_index_bPlus_100
793|422|post_creationDate_index_bPlus_100
422|745|post_creationDate_index_bPlus_100
745|69|post_creationDate_index_bPlus_100
69|647|post_creationDate_index_bPlus_100
647|753|post_creationDate_index_bPlus_100
753|280|post_creationDate_index_bPlus_100
280|608|post_creationDate_index_bPlus_100
608|130|post_creationDate_index_bPlus_100
130|600|post_creationDate_index_bPlus_100
600|211|post_creationDate_index_bPlus_100
211|631|post_creationDate_index_bPlus_100
631|417|post_creationDate_index_bPlus_100
417|930|post_creationDate_index_bPlus_100
930|28|post_creationDate_index_bPlus_100
28|789|post_creationDate_index_bPlus_100
789|462|post_creationDate_index_bPlus_100
462|749|post_creationDate_index_bPlus_100
749|241|post_creationDate_index_bPlus_100
241|957|post_creationDate_index_bPlus_100
957|548|post_creationDate_index_bPlus_100
548|684|post_creationDate_index_bPlus_100
684|342|post_creationDate_index_bPlus_100
342|992|post_creationDate_index_bPlus_100
992|126|post_creationDate_index_bPlus_100
126|658|post_creationDate_index_bPlus_100
658|783|post_creationDate_index_bPlus_100
783|446|post_creationDate_index_bPlus_100
446|49|post_creationDate_index_bPlus_100
49|889|post_creationDate_index_bPlus_100
889|561|post_creationDate_index_bPlus_100
561|997|post_creationDate_index_bPlus_100
997|285|post_creationDate_index_bPlus_100
285|761|post_creationDate_index_bPlus_100
761|430|post_creationDate_index_bPlus_100
430|155|post_creationDate_index_bPlus_100
155|741|post_creationDate_index_bPlus_100
741|346|post_creationDate_index_bPlus_100
346|674|post_creationDate_index_bPlus_100
674|857|post_creationDate_index_bPlus_100
857|80|post_creationDate_index_bPlus_100
80|766|post_creationDate_index_bPlus_100
766|487|post_creationDate_index_bPlus_100
487|970|post_creationDate_index_bPlus_100
970|246|post_creationDate_index_bPlus_100
246|841|post_creationDate_index_bPlus_100
841|573|post_creationDate_index_bPlus_100
573|440|post_creationDate_index_bPlus_100
440|792|post_creationDate_index_bPlus_100
792|5|post_creationDate_index_bPlus_100
5|810|post_creationDate_index_bPlus_100
810|590|post_creationDate_index_bPlus_100
590|256|post_creationDate_index_bPlus_100
256|413|post_creationDate_index_bPlus_100
413|806|post_creationDate_index_bPlus_100
806|107|post_creationDate_index_bPlus_100
107|498|post_creationDate_index_bPlus_100
498|378|post_creationDate_index_bPlus_100
378|181|post_creationDate_index_bPlus_100
181|854|post_creationDate_index_bPlus_100
854|514|post_creationDate_index_bPlus_100
514|322|post_creationDate_index_bPlus_100
322|57|post_creationDate_index_bPlus_100
57|677|post_creationDate_index_bPlus_100
677|339|post_creationDate_index_bPlus_100
339|844|post_creationDate_index_bPlus_100
844|511|post_creationDate_index_bPlus_100
511|179|post_creationDate_index_bPlus_100
179|721|post_creationDate_index_bPlus_100
721|383|post_creationDate_index_bPlus_100
383|102|post_creationDate_index_bPlus_100
102|568|post_creationDate_index_bPlus_100
568|882|post_creationDate_index_bPlus_100
882|229|post_creationDate_index_bPlus_100
229|905|post_creationDate_index_bPlus_100
905|482|post_creationDate_index_bPlus_100
482|772|post_creationDate_index_bPlus_100
772|26|post_creationDate_index_bPlus_100
26|784|post_creationDate_index_bPlus_100
784|338|post_creationDate_index_bPlus_100
338|872|post_creationDate_index_bPlus_100
872|536|post_creationDate_index_bPlus_100
536|189|post_creationDate_index_bPlus_100
189|824|post_creationDate_index_bPlus_100
824|431|post_creationDate_index_bPlus_100
431|776|post_creationDate_index_bPlus_100
776|92|post_creationDate_index_bPlus_100
92|805|post_creationDate_index_bPlus_100
805|508|post_creationDate_index_bPlus_100
508|999|post_creationDate_index_bPlus_100
999|216|post_creationDate_index_bPlus_100
216|43|post_creationDate_index_bPlus_100
43|921|post_creationDate_index_bPlus_100
921|686|post_creationDate_index_bPlus_100
686|341|post_creationDate_index_bPlus_100
341|551|post_creationDate_index_bPlus_100
551|158|post_creationDate_index_bPlus_100
158|754|post_creationDate_index_bPlus_100
754|313|post_creationDate_index_bPlus_100
313|550|post_creationDate_index_bPlus_100
550|830|post_creationDate_index_bPlus_100
830|99|post_creationDate_index_bPlus_100
99|756|post_creationDate_index_bPlus_100
756|489|post_creationDate_index_bPlus_100
489|953|post_creationDate_index_bPlus_100
953|226|post_creationDate_index_bPlus_100
226|833|post_creationDate_index_bPlus_100
833|483|post_creationDate_index_bPlus_100
483|849|post_creationDate_index_bPlus_100
849|67|post_creationDate_index_bPlus_100
67|950|post_creationDate_index_bPlus_100
950|707|post_creationDate_index_bPlus_100
707|295|post_creationDate_index_bPlus_100
295|980|post_creationDate_index_bPlus_100
980|579|post_creationDate_index_bPlus_100
579|142|post_creationDate_index_bPlus_100
142|719|post_creationDate_index_bPlus_100
719|367|post_creationDate_index_bPlus_100
367|885|post_creationDate_index_bPlus_100
885|213|post_creationDate_index_bPlus_100
213|907|post_creationDate_index_bPlus_100
907|379|post_creationDate_index_bPlus_100
379|630|post_creationDate_index_bPlus_100
630|956|post_creationDate_index_bPlus_100
956|106|post_creationDate_index_bPlus_100
106|771|post_creationDate_index_bPlus_100
771|492|post_creationDate_index_bPlus_100
492|859|post_creationDate_index_bPlus_100
859|267|post_creationDate_index_bPlus_100
267|479|post_creationDate_index_bPlus_100
479|212|post_creationDate_index_bPlus_100
212|694|post_creationDate_index_bPlus_100
694|325|post_creationDate_index_bPlus_100
325|678|post_creationDate_index_bPlus_100
678|15|post_creationDate_index_bPlus_100
15|996|post_creationDate_index_bPlus_100
996|497|post_creationDate_index_bPlus_100
497|881|post_creationDate_index_bPlus_100
881|352|post_creationDate_index_bPlus_100
352|990|post_creationDate_index_bPlus_100
990|759|post_creationDate_index_bPlus_100
759|512|post_creationDate_index_bPlus_100
512|215|post_creationDate_index_bPlus_100
215|655|post_creationDate_index_bPlus_100
655|981|post_creationDate_index_bPlus_100
981|96|post_creationDate_index_bPlus_100
96|542|post_creationDate_index_bPlus_100
542|910|post_creationDate_index_bPlus_100
910|182|post_creationDate_index_bPlus_100
182|652|post_creationDate_index_bPlus_100
652|478|post_creationDate_index_bPlus_100
478|51|post_creationDate_index_bPlus_100
51|672|post_creationDate_index_bPlus_100
672|281|post_creationDate_index_bPlus_100
281|572|post_creationDate_index_bPlus_100
572|157|post_creationDate_index_bPlus_100
157|856|post_creationDate_index_bPlus_100
856|485|post_creationDate_index_bPlus_100
485|800|post_creationDate_index_bPlus_100
800|87|post_creationDate_index_bPlus_100
87|412|post_creationDate_index_bPlus_100
412|254|post_creationDate_index_bPlus_100
254|429|post_creationDate_index_bPlus_100
429|823|post_creationDate_index_bPlus_100
823|329|post_creationDate_index_bPlus_100
329|657|post_creationDate_index_bPlus_100
657|25|post_creationDate_index_bPlus_100
25|474|post_creationDate_index_bPlus_100
474|702|post_creationDate_index_bPlus_100
702|156|post_creationDate_index_bPlus_100
156|965|post_creationDate_index_bPlus_100
965|370|post_creationDate_index_bPlus_100
370|915|post_creationDate_index_bPlus_100
915|517|post_creationDate_index_bPlus_100
517|834|post_creationDate_index_bPlus_100
834|64|post_creationDate_index_bPlus_100
64|624|post_creationDate_index_bPlus_100
624|317|post_creationDate_index_bPlus_100
317|642|post_creationDate_index_bPlus_100
642|143|post_creationDate_index_bPlus_100
143|826|post_creationDate_index_bPlus_100
826|447|post_creationDate_index_bPlus_100
447|236|post_creationDate_index_bPlus_100
236|543|post_creationDate_index_bPlus_100
543|995|post_creationDate_index_bPlus_100
995|9|post_creationDate_index_bPlus_100
9|486|post_creationDate_index_bPlus_100
486|279|post_creationDate_index_bPlus_100
279|509|post_creationDate_index_bPlus_100
509|1000|post_creationDate_index_bPlus_100
1000|148|post_creationDate_index_bPlus_100
148|744|post_creationDate_index_bPlus_100
744|318|post_creationDate_index_bPlus_100
318|958|post_creationDate_index_bPlus_100
958|627|post_creationDate_index_bPlus_100
627|97|post_creationDate_index_bPlus_100
97|516|post_creationDate_index_bPlus_100
516|196|post_creationDate_index_bPlus_100
196|713|post_creationDate_index_bPlus_100
713|432|post_creationDate_index_bPlus_100
432|795|post_creationDate_index_bPlus_100
795|53|post_creationDate_index_bPlus_100
53|562|post_creationDate_index_bPlus_100
562|344|post_creationDate_index_bPlus_100
344|976|post_creationDate_index_bPlus_100
976|612|post_creationDate_index_bPlus_100
612|166|post_creationDate_index_bPlus_100
166|397|post_creationDate_index_bPlus_100
397|86|post_creationDate_index_bPlus_100
86|695|post_creationDate_index_bPlus_100
695|223|post_creationDate_index_bPlus_100
223|706|post_creationDate_index_bPlus_100
706|335|post_creationDate_index_bPlus_100
335|626|post_creationDate_index_bPlus_100
626|136|post_creationDate_index_bPlus_100
136|880|post_creationDate_index_bPlus_100
880|377|post_creationDate_index_bPlus_100
377|835|post_creationDate_index_bPlus_100
835|273|post_creationDate_index_bPlus_100
273|897|post_creationDate_index_bPlus_100
897|441|post_creationDate_index_bPlus_100
441|815|post_creationDate_index_bPlus_100
815|27|post_creationDate_index_bPlus_100
27|752|post_creationDate_index_bPlus_100
752|310|post_creationDate_index_bPlus_100
310|803|post_creationDate_index_bPlus_100
803|185|post_creationDate_index_bPlus_100
185|526|post_creationDate_index_bPlus_100
526|962|post_creationDate_index_bPlus_100
962|82|post_creationDate_index_bPlus_100
82|519|post_creationDate_index_bPlus_100
519|975|post_creationDate_index_bPlus_100
975|220|post_creationDate_index_bPlus_100
220|586|post_creationDate_index_bPlus_100
586|120|post_creationDate_index_bPlus_100
120|886|post_creationDate_index_bPlus_100
886|326|post_creationDate_index_bPlus_100
326|715|post_creationDate_index_bPlus_100
715|227|post_creationDate_index_bPlus_100
227|518|post_creationDate_index_bPlus_100
518|47|post_creationDate_index_bPlus_100
47|636|post_creationDate_index_bPlus_100
636|386|post_creationDate_index_bPlus_100
386|202|post_creationDate_index_bPlus_100
202|733|post_creationDate_index_bPlus_100
733|460|post_creationDate_index_bPlus_100
460|319|post_creationDate_index_bPlus_100
319|922|post_creationDate_index_bPlus_100
922|617|post_creationDate_index_bPlus_100
617|252|post_creationDate_index_bPlus_100
252|533|post_creationDate_index_bPlus_100
533|89|post_creationDate_index_bPlus_100
89|393|post_creationDate_index_bPlus_100
393|726|post_creationDate_index_bPlus_100
726|165|post_creationDate_index_bPlus_100
165|635|post_creationDate_index_bPlus_100
635|14|post_creationDate_index_bPlus_100
14|890|post_creationDate_index_bPlus_100
890|451|post_creationDate_index_bPlus_100
451|894|post_creationDate_index_bPlus_100
894|238|post_creationDate_index_bPlus_100
238|874|post_creationDate_index_bPlus_100
874|373|post_creationDate_index_bPlus_100
373|670|post_creationDate_index_bPlus_100
670|162|post_creationDate_index_bPlus_100
162|782|post_creationDate_index_bPlus_100
782|401|post_creationDate_index_bPlus_100
401|113|post_creationDate_index_bPlus_100
113|659|post_creationDate_index_bPlus_100
659|374|post_creationDate_index_bPlus_100
374|177|post_creationDate_index_bPlus_100
177|914|post_creationDate_index_bPlus_100
914|365|post_creationDate_index_bPlus_100
365|979|post_creationDate_index_bPlus_100
979|29|post_creationDate_index_bPlus_100
29|361|post_creationDate_index_bPlus_100
361|799|post_creationDate_index_bPlus_100
799|210|post_creationDate_index_bPlus_100
210|941|post_creationDate_index_bPlus_100
941|528|post_creationDate_index_bPlus_100
528|72|post_creationDate_index_bPlus_100
72|870|post_creationDate_index_bPlus_100
870|239|post_creationDate_index_bPlus_100
239|989|post_creationDate_index_bPlus_100
989|360|post_creationDate_index_bPlus_100
360|109|post_creationDate_index_bPlus_100
109|575|post_creationDate_index_bPlus_100
575|736|post_creationDate_index_bPlus_100
736|180|post_creationDate_index_bPlus_100
180|667|post_creationDate_index_bPlus_100
667|382|post_creationDate_index_bPlus_100
382|801|post_creationDate_index_bPlus_100
801|36|post_creationDate_index_bPlus_100
36|963|post_creationDate_index_bPlus_100
963|444|post_creationDate_index_bPlus_100
444|808|post_creationDate_index_bPlus_100
808|230|post_creationDate_index_bPlus_100
230|944|post_creationDate_index_bPlus_100
944|403|post_creationDate_index_bPlus_100
403|769|post_creationDate_index_bPlus_100
769|119|post_creationDate_index_bPlus_100
119|450|post_creationDate_index_bPlus_100
450|982|post_creationDate_index_bPlus_100
982|305|post_creationDate_index_bPlus_100
305|807|post_creationDate_index_bPlus_100
807|7|post_creationDate_index_bPlus_100
7|570|post_creationDate_index_bPlus_100
570|323|post_creationDate_index_bPlus_100
323|796|post_creationDate_index_bPlus_100
796|163|post_creationDate_index_bPlus_100
163|917|post_creationDate_index_bPlus_100
917|371|post_creationDate_index_bPlus_100
371|622|post_creationDate_index_bPlus_100
622|121|post_creationDate_index_bPlus_100
121|416|post_creationDate_index_bPlus_100
416|538|post_creationDate_index_bPlus_100
538|286|post_creationDate_index_bPlus_100
286|887|post_creationDate_index_bPlus_100
887|442|post_creationDate_index_bPlus_100
442|205|post_creationDate_index_bPlus_100
205|668|post_creationDate_index_bPlus_100
668|56|post_creationDate_index_bPlus_100
56|972|post_creationDate_index_bPlus_100
972|689|post_creationDate_index_bPlus_100
689|265|post_creationDate_index_bPlus_100
265|597|post_creationDate_index_bPlus_100
597|161|post_creationDate_index_bPlus_100
161|871|post_creationDate_index_bPlus_100
871|362|post_creationDate_index_bPlus_100
362|711|post_creationDate_index_bPlus_100
711|108|post_creationDate_index_bPlus_100
108|762|post_creationDate_index_bPlus_100
762|558|post_creationDate_index_bPlus_100
558|827|post_creationDate_index_bPlus_100
827|277|post_creationDate_index_bPlus_100
277|700|post_creationDate_index_bPlus_100
700|17|post_creationDate_index_bPlus_100
17|557|post_creationDate_index_bPlus_100
557|268|post_creationDate_index_bPlus_100
268|574|post_creationDate_index_bPlus_100
574|78|post_creationDate_index_bPlus_100
78|778|post_creationDate_index_bPlus_100
778|436|post_creationDate_index_bPlus_100
436|866|post_creationDate_index_bPlus_100
866|128|post_creationDate_index_bPlus_100
128|311|post_creationDate_index_bPlus_100
311|563|post_creationDate_index_bPlus_100
563|45|post_creationDate_index_bPlus_100
45|299|post_creationDate_index_bPlus_100
299|415|post_creationDate_index_bPlus_100
415|973|post_creationDate_index_bPlus_100
973|140|post_creationDate_index_bPlus_100
140|425|post_creationDate_index_bPlus_100
425|867|post_creationDate_index_bPlus_100
867|24|post_creationDate_index_bPlus_100
24|625|post_creationDate_index_bPlus_100
625|237|post_creationDate_index_bPlus_100
237|419|post_creationDate_index_bPlus_100
419|788|post_creationDate_index_bPlus_100
788|146|post_creationDate_index_bPlus_100
146|781|post_creationDate_index_bPlus_100
781|316|post_creationDate_index_bPlus_100
316|685|post_creationDate_index_bPlus_100
685|98|post_creationDate_index_bPlus_100
98|673|post_creationDate_index_bPlus_100
673|345|post_creationDate_index_bPlus_100
345|875|post_creationDate_index_bPlus_100
875|571|post_creationDate_index_bPlus_100
571|71|post_creationDate_index_bPlus_100
71|847|post_creationDate_index_bPlus_100
847|488|post_creationDate_index_bPlus_100
488|853|post_creationDate_index_bPlus_100
853|175|post_creationDate_index_bPlus_100
175|868|post_creationDate_index_bPlus_100
868|443|post_creationDate_index_bPlus_100
443|787|post_creationDate_index_bPlus_100
787|38|post_creationDate_index_bPlus_100
38|946|post_creationDate_index_bPlus_100
946|669|post_creationDate_index_bPlus_100
669|421|post_creationDate_index_bPlus_100
421|650|post_creationDate_index_bPlus_100
650|231|post_creationDate_index_bPlus_100
231|653|post_creationDate_index_bPlus_100
653|387|post_creationDate_index_bPlus_100
387|544|post_creationDate_index_bPlus_100
544|153|post_creationDate_index_bPlus_100
153|983|post_creationDate_index_bPlus_100
983|618|post_creationDate_index_bPlus_100
618|873|post_creationDate_index_bPlus_100
873|289|post_creationDate_index_bPlus_100
289|569|post_creationDate_index_bPlus_100
569|785|post_creationDate_index_bPlus_100
785|55|post_creationDate_index_bPlus_100
55|467|post_creationDate_index_bPlus_100
467|244|post_creationDate_index_bPlus_100
244|728|post_creationDate_index_bPlus_100
728|396|post_creationDate_index_bPlus_100
396|105|post_creationDate_index_bPlus_100
105|724|post_creationDate_index_bPlus_100
724|459|post_creationDate_index_bPlus_100
459|746|post_creationDate_index_bPlus_100
746|243|post_creationDate_index_bPlus_100
243|773|post_creationDate_index_bPlus_100
773|426|post_creationDate_index_bPlus_100
426|743|post_creationDate_index_bPlus_100
743|312|post_creationDate_index_bPlus_100
312|648|post_creationDate_index_bPlus_100
648|10|post_creationDate_index_bPlus_100
10|661|post_creationDate_index_bPlus_100
661|357|post_creationDate_index_bPlus_100
357|620|post_creationDate_index_bPlus_100
620|222|post_creationDate_index_bPlus_100
222|864|post_creationDate_index_bPlus_100
864|418|post_creationDate_index_bPlus_100
418|649|post_creationDate_index_bPlus_100
649|81|post_creationDate_index_bPlus_100
81|603|post_creationDate_index_bPlus_100
603|261|post_creationDate_index_bPlus_100
261|988|post_creationDate_index_bPlus_100
988|705|post_creationDate_index_bPlus_100
705|445|post_creationDate_index_bPlus_100
445|118|post_creationDate_index_bPlus_100
118|504|post_creationDate_index_bPlus_100
504|812|post_creationDate_index_bPlus_100
812|287|post_creationDate_index_bPlus_100
287|683|post_creationDate_index_bPlus_100
683|40|post_creationDate_index_bPlus_100
40|540|post_creationDate_index_bPlus_100
540|628|post_creationDate_index_bPlus_100
628|168|post_creationDate_index_bPlus_100
168|926|post_creationDate_index_bPlus_100
926|535|post_creationDate_index_bPlus_100
535|375|post_creationDate_index_bPlus_100
375|797|post_creationDate_index_bPlus_100
797|468|post_creationDate_index_bPlus_100
468|62|post_creationDate_index_bPlus_100
62|599|post_creationDate_index_bPlus_100
599|363|post_creationDate_index_bPlus_100
363|666|post_creationDate_index_bPlus_100
666|139|post_creationDate_index_bPlus_100
139|757|post_creationDate_index_bPlus_100
757|300|post_creationDate_index_bPlus_100
300|438|post_creationDate_index_bPlus_100
438|206|post_creationDate_index_bPlus_100
206|811|post_creationDate_index_bPlus_100
811|406|post_creationDate_index_bPlus_100
406|585|post_creationDate_index_bPlus_100
585|20|post_creationDate_index_bPlus_100
20|966|post_creationDate_index_bPlus_100
966|510|post_creationDate_index_bPlus_100
510|755|post_creationDate_index_bPlus_100
755|337|post_creationDate_index_bPlus_100
337|159|post_creationDate_index_bPlus_100
159|911|post_creationDate_index_bPlus_100
911|564|post_creationDate_index_bPlus_100
564|912|post_creationDate_index_bPlus_100
912|343|post_creationDate_index_bPlus_100
343|95|post_creationDate_index_bPlus_100
95|770|post_creationDate_index_bPlus_100
770|532|post_creationDate_index_bPlus_100
532|304|post_creationDate_index_bPlus_100
304|747|post_creationDate_index_bPlus_100
747|167|post_creationDate_index_bPlus_100
167|616|post_creationDate_index_bPlus_100
616|292|post_creationDate_index_bPlus_100
292|595|post_creationDate_index_bPlus_100
595|993|post_creationDate_index_bPlus_100
993|59|post_creationDate_index_bPlus_100
59|491|post_creationDate_index_bPlus_100
491|923|post_creationDate_index_bPlus_100
923|276|post_creationDate_index_bPlus_100
276|455|post_creationDate_index_bPlus_100
455|101|post_creationDate_index_bPlus_100
101|991|post_creationDate_index_bPlus_100
991|356|post_creationDate_index_bPlus_100
356|858|post_creationDate_index_bPlus_100
858|225|post_creationDate_index_bPlus_100
225|750|post_creationDate_index_bPlus_100
750|531|post_creationDate_index_bPlus_100
531|820|post_creationDate_index_bPlus_100
