time,envcfg:com.sleepycat.je.util.ConsoleHandler.level,envcfg:com.sleepycat.je.util.FileHandler.level,envcfg:je.adler32.chunkSize,envcfg:je.checkpointer.bytesInterval,envcfg:je.checkpointer.deadlockRetry,envcfg:je.checkpointer.highPriority,envcfg:je.checkpointer.wakeupInterval,envcfg:je.cleaner.adjustUtilization,envcfg:je.cleaner.backgroundProactiveMigration,envcfg:je.cleaner.bytesInterval,envcfg:je.cleaner.calc.initialAdjustments,envcfg:je.cleaner.calc.maxProbeSkipFiles,envcfg:je.cleaner.calc.minProbeSkipFiles,envcfg:je.cleaner.calc.minUncountedLNs,envcfg:je.cleaner.cluster,envcfg:je.cleaner.clusterAll,envcfg:je.cleaner.deadlockRetry,envcfg:je.cleaner.detailMaxMemoryPercentage,envcfg:je.cleaner.expunge,envcfg:je.cleaner.fetchObsoleteSize,envcfg:je.cleaner.forceCleanFiles,envcfg:je.cleaner.foregroundProactiveMigration,envcfg:je.cleaner.gradualExpiration,envcfg:je.cleaner.lazyMigration,envcfg:je.cleaner.lockTimeout,envcfg:je.cleaner.lookAheadCacheSize,envcfg:je.cleaner.maxBatchFiles,envcfg:je.cleaner.minAge,envcfg:je.cleaner.minFileUtilization,envcfg:je.cleaner.minFilesToDelete,envcfg:je.cleaner.minUtilization,envcfg:je.cleaner.readSize,envcfg:je.cleaner.restartRetries,envcfg:je.cleaner.retries,envcfg:je.cleaner.rmwFix,envcfg:je.cleaner.threads,envcfg:je.cleaner.trackDetail,envcfg:je.cleaner.twoPassGap,envcfg:je.cleaner.twoPassThreshold,envcfg:je.cleaner.upgradeToLogVersion,envcfg:je.cleaner.useDeletedDir,envcfg:je.cleaner.wakeupInterval,envcfg:je.compressor.deadlockRetry,envcfg:je.compressor.lockTimeout,envcfg:je.compressor.wakeupInterval,envcfg:je.deferredWrite.temp,envcfg:je.env.backgroundReadLimit,envcfg:je.env.backgroundSleepInterval,envcfg:je.env.backgroundWriteLimit,envcfg:je.env.checkLeaks,envcfg:je.env.comparatorsRequired,envcfg:je.env.dbCacheClearCount,envcfg:je.env.dbEviction,envcfg:je.env.diskOrderedScanLockTimeout,envcfg:je.env.dupConvertPreloadAll,envcfg:je.env.expirationEnabled,envcfg:je.env.exposeUserData,envcfg:je.env.fairLatches,envcfg:je.env.forcedYield,envcfg:je.env.isLocking,envcfg:je.env.isReadOnly,envcfg:je.env.isTransactional,envcfg:je.env.latchTimeout,envcfg:je.env.logTrace,envcfg:je.env.recovery,envcfg:je.env.recoveryForceCheckpoint,envcfg:je.env.recoveryForceNewFile,envcfg:je.env.runCheckpointer,envcfg:je.env.runCleaner,envcfg:je.env.runEvictor,envcfg:je.env.runINCompressor,envcfg:je.env.runOffHeapEvictor,envcfg:je.env.runVerifier,envcfg:je.env.setupLogger,envcfg:je.env.sharedLatches,envcfg:je.env.startupThreshold,envcfg:je.env.terminateTimeout,envcfg:je.env.ttlClockTolerance,envcfg:je.env.ttlLnPurgeDelay,envcfg:je.env.ttlMaxTxnTime,envcfg:je.env.verifyBtree,envcfg:je.env.verifyDataRecords,envcfg:je.env.verifyLog,envcfg:je.env.verifyObsoleteRecords,envcfg:je.env.verifySchedule,envcfg:je.env.verifySecondaries,envcfg:je.evictor.allowBinDeltas,envcfg:je.evictor.coreThreads,envcfg:je.evictor.criticalPercentage,envcfg:je.evictor.deadlockRetry,envcfg:je.evictor.evictBytes,envcfg:je.evictor.evictionBatchPercentage,envcfg:je.evictor.forcedYield,envcfg:je.evictor.keepAlive,envcfg:je.evictor.lruOnly,envcfg:je.evictor.maxThreads,envcfg:je.evictor.mutateBins,envcfg:je.evictor.nLRULists,envcfg:je.evictor.nodeScanPercentage,envcfg:je.evictor.nodesPerScan,envcfg:je.evictor.useDirtyLRU,envcfg:je.evictor.useMemoryFloor,envcfg:je.evictor.wakeupInterval,envcfg:je.haltOnCommitAfterChecksumException,envcfg:je.lock.deadlockDetect,envcfg:je.lock.deadlockDetectDelay,envcfg:je.lock.nLockTables,envcfg:je.lock.oldLockExceptions,envcfg:je.lock.timeout,envcfg:je.log.bufferSize,envcfg:je.log.checksumRead,envcfg:je.log.chunkedNIO,envcfg:je.log.detectFileDelete,envcfg:je.log.detectFileDeleteInterval,envcfg:je.log.directNIO,envcfg:je.log.faultReadSize,envcfg:je.log.fileCacheSize,envcfg:je.log.fileMax,envcfg:je.log.fileWarmUpReadSize,envcfg:je.log.fileWarmUpSize,envcfg:je.log.flushNoSyncInterval,envcfg:je.log.flushSyncInterval,envcfg:je.log.fsyncTimeLimit,envcfg:je.log.fsyncTimeout,envcfg:je.log.groupCommitInterval,envcfg:je.log.groupCommitThreshold,envcfg:je.log.iteratorMaxSize,envcfg:je.log.iteratorReadSize,envcfg:je.log.memOnly,envcfg:je.log.nDataDirectories,envcfg:je.log.numBuffers,envcfg:je.log.totalBufferBytes,envcfg:je.log.useNIO,envcfg:je.log.useODSYNC,envcfg:je.log.useWriteQueue,envcfg:je.log.verifyChecksums,envcfg:je.log.writeQueueSize,envcfg:je.maxMemory,envcfg:je.maxMemoryPercent,envcfg:je.maxOffHeapMemory,envcfg:je.nodeDupTreeMaxEntries,envcfg:je.nodeMaxEntries,envcfg:je.offHeap.checksum,envcfg:je.offHeap.coreThreads,envcfg:je.offHeap.evictBytes,envcfg:je.offHeap.keepAlive,envcfg:je.offHeap.maxThreads,envcfg:je.rep.logFlushTaskInterval,envcfg:je.rep.runLogFlushTask,envcfg:je.sharedCache,envcfg:je.stats.collect,envcfg:je.stats.collect.interval,envcfg:je.stats.file.directory,envcfg:je.stats.file.row.count,envcfg:je.stats.max.files,envcfg:je.tree.binDelta,envcfg:je.tree.binDeltaBlindOps,envcfg:je.tree.binDeltaBlindPuts,envcfg:je.tree.compactMaxKeyLength,envcfg:je.tree.maxDelta,envcfg:je.tree.maxEmbeddedLN,envcfg:je.tree.minMemory,envcfg:je.txn.deadlockStackTrace,envcfg:je.txn.dumpLocks,envcfg:je.txn.durability,envcfg:je.txn.serializableIsolation,envcfg:je.txn.timeout,java:args,java:maxMemory,java:minMemory,java:vendor,java:version,je:version,mc:arch,mc:processors,os:name,os:version
2018-01-31 16:02:04.529 UTC,"OFF","INFO","0","20000000","3","false","0","false","false","0","5","20","5","1000","false","false","3","2","true","false","","false","true","false","500 ms","8192","0","2","5","5","50","0","5","10","true","1","true","10","0","0","false","10 s","3","500 ms","5 s","false","0","1 ms","0","true","false","100","true","10 seconds","true","true","false","false","false","true","false","true","5 min","true","true","false","false","true","true","true","true","true","true","false","true","5 min","10 s","2 h","5 s","24 h","true","false","true","false","0 0 * * *","true","true","1","0","3","524288","10","false","10 min","true","10","true","4","10","10","true","95","5 s","false","true","0","1","false","500 ms","1048576","true","0","true","1000 ms","false","2048","100","10000000","10485760","0","5 s","20 s","5 s","500 ms","0 ns","0","16777216","8192","false","0","3","0","false","false","true","false","1048576","0","65","0","128","128","false","1","52428800","10 min","3","5 min","true","false","true","1 min","","1440","10","25","true","true","16","10","16","512000","false","false","null","false","0"," -javaagent:/opt/idea-IC-172.3757.52/lib/idea_rt.jar=40891:/opt/idea-IC-172.3757.52/bin -Dfile.encoding=UTF-8","1834483712","130023424","Oracle Corporation","1.8.0_151","7.3.7","amd64","4","Linux","4.4.0-109-generic"
2019-08-28 09:45:07.512 UTC,"OFF","INFO","0","20000000","3","false","0","false","false","0","5","20","5","1000","false","false","3","2","true","false","","false","true","false","500 ms","8192","0","2","5","5","50","0","5","10","true","1","true","10","0","0","false","10 s","3","500 ms","5 s","false","0","1 ms","0","true","false","100","true","10 seconds","true","true","false","false","false","true","false","true","5 min","true","true","false","false","true","true","true","true","true","true","false","true","5 min","10 s","2 h","5 s","24 h","true","false","true","false","0 0 * * *","true","true","1","0","3","524288","10","false","10 min","true","10","true","4","10","10","true","95","5 s","false","true","0","1","false","500 ms","1048576","true","0","true","1000 ms","false","2048","100","10000000","10485760","0","5 s","20 s","5 s","500 ms","0 ns","0","16777216","8192","false","0","3","0","false","false","true","false","1048576","0","65","0","128","128","false","1","52428800","10 min","3","5 min","true","false","true","1 min","","1440","10","25","true","true","16","10","16","512000","false","false","null","false","0"," -javaagent:/home/divyanshu/Installers/intellij/lib/idea_rt.jar=41529:/home/divyanshu/Installers/intellij/bin -Dfile.encoding=UTF-8","3715629056","262144000","Oracle Corporation","1.8.0_201","7.3.7","amd64","4","Linux","4.15.0-58-generic"
2019-08-28 10:40:55.781 UTC,"OFF","INFO","0","20000000","3","false","0","false","false","0","5","20","5","1000","false","false","3","2","true","false","","false","true","false","500 ms","8192","0","2","5","5","50","0","5","10","true","1","true","10","0","0","false","10 s","3","500 ms","5 s","false","0","1 ms","0","true","false","100","true","10 seconds","true","true","false","false","false","true","false","true","5 min","true","true","false","false","true","true","true","true","true","true","false","true","5 min","10 s","2 h","5 s","24 h","true","false","true","false","0 0 * * *","true","true","1","0","3","524288","10","false","10 min","true","10","true","4","10","10","true","95","5 s","false","true","0","1","false","500 ms","1048576","true","0","true","1000 ms","false","2048","100","10000000","10485760","0","5 s","20 s","5 s","500 ms","0 ns","0","16777216","8192","false","0","3","0","false","false","true","false","1048576","0","65","0","128","128","false","1","52428800","10 min","3","5 min","true","false","true","1 min","","1440","10","25","true","true","16","10","16","512000","false","false","null","false","0"," -Duser.working_dir=/home/divyanshu/Projects -Dtinkerpop.ext=/home/divyanshu/Installers/janusgraph/ext -Dlog4j.configuration=conf/log4j-console.properties -Dgremlin.log4j.level=WARN -javaagent:/home/divyanshu/Installers/janusgraph/lib/jamm-0.3.0.jar -Dgremlin.io.kryoShimService=org.janusgraph.hadoop.serialize.JanusGraphKryoShimService","3715629056","262144000","Oracle Corporation","1.8.0_201","7.3.7","amd64","4","Linux","4.15.0-58-generic"
2019-08-31 17:05:21.128 UTC,"OFF","INFO","0","20000000","3","false","0","false","false","0","5","20","5","1000","false","false","3","2","true","false","","false","true","false","500 ms","8192","0","2","5","5","50","0","5","10","true","1","true","10","0","0","false","10 s","3","500 ms","5 s","false","0","1 ms","0","true","false","100","true","10 seconds","true","true","false","false","false","true","false","true","5 min","true","true","false","false","true","true","true","true","true","true","false","true","5 min","10 s","2 h","5 s","24 h","true","false","true","false","0 0 * * *","true","true","1","0","3","524288","10","false","10 min","true","10","true","4","10","10","true","95","5 s","false","true","0","1","false","500 ms","1048576","true","0","true","1000 ms","false","2048","100","10000000","10485760","0","5 s","20 s","5 s","500 ms","0 ns","0","16777216","8192","false","0","3","0","false","false","true","false","1048576","0","65","0","128","128","false","1","52428800","10 min","3","5 min","true","false","true","1 min","","1440","10","25","true","true","16","10","16","512000","false","false","null","false","0"," -javaagent:/home/divyanshu/Installers/intellij/lib/idea_rt.jar=40599:/home/divyanshu/Installers/intellij/bin -Dfile.encoding=UTF-8","3715629056","262144000","Oracle Corporation","1.8.0_201","7.3.7","amd64","4","Linux","4.15.0-58-generic"
2019-09-05 12:04:01.676 UTC,"OFF","INFO","0","20000000","3","false","0","false","false","0","5","20","5","1000","false","false","3","2","true","false","","false","true","false","500 ms","8192","0","2","5","5","50","0","5","10","true","1","true","10","0","0","false","10 s","3","500 ms","5 s","false","0","1 ms","0","true","false","100","true","10 seconds","true","true","false","false","false","true","false","true","5 min","true","true","false","false","true","true","true","true","true","true","false","true","5 min","10 s","2 h","5 s","24 h","true","false","true","false","0 0 * * *","true","true","1","0","3","524288","10","false","10 min","true","10","true","4","10","10","true","95","5 s","false","true","0","1","false","500 ms","1048576","true","0","true","1000 ms","false","2048","100","10000000","10485760","0","5 s","20 s","5 s","500 ms","0 ns","0","16777216","8192","false","0","3","0","false","false","true","false","1048576","0","65","0","128","128","false","1","52428800","10 min","3","5 min","true","false","true","1 min","","1440","10","25","true","true","16","10","16","512000","false","false","null","false","0"," -javaagent:/home/divyanshu/Installers/intellij/lib/idea_rt.jar=43501:/home/divyanshu/Installers/intellij/bin -Dfile.encoding=UTF-8","3715629056","262144000","Oracle Corporation","1.8.0_201","7.3.7","amd64","4","Linux","4.15.0-60-generic"
2019-09-05 12:16:45.840 UTC,"OFF","INFO","0","20000000","3","false","0","false","false","0","5","20","5","1000","false","false","3","2","true","false","","false","true","false","500 ms","8192","0","2","5","5","50","0","5","10","true","1","true","10","0","0","false","10 s","3","500 ms","5 s","false","0","1 ms","0","true","false","100","true","10 seconds","true","true","false","false","false","true","false","true","5 min","true","true","false","false","true","true","true","true","true","true","false","true","5 min","10 s","2 h","5 s","24 h","true","false","true","false","0 0 * * *","true","true","1","0","3","524288","10","false","10 min","true","10","true","4","10","10","true","95","5 s","false","true","0","1","false","500 ms","1048576","true","0","true","1000 ms","false","2048","100","10000000","10485760","0","5 s","20 s","5 s","500 ms","0 ns","0","16777216","8192","false","0","3","0","false","false","true","false","1048576","0","65","0","128","128","false","1","52428800","10 min","3","5 min","true","false","true","1 min","","1440","10","25","true","true","16","10","16","512000","false","false","null","false","0"," -javaagent:/home/divyanshu/Installers/intellij/lib/idea_rt.jar=33471:/home/divyanshu/Installers/intellij/bin -Dfile.encoding=UTF-8","3715629056","262144000","Oracle Corporation","1.8.0_201","7.3.7","amd64","4","Linux","4.15.0-60-generic"
2019-09-05 12:16:56.350 UTC,"OFF","INFO","0","20000000","3","false","0","false","false","0","5","20","5","1000","false","false","3","2","true","false","","false","true","false","500 ms","8192","0","2","5","5","50","0","5","10","true","1","true","10","0","0","false","10 s","3","500 ms","5 s","false","0","1 ms","0","true","false","100","true","10 seconds","true","true","false","false","false","true","false","true","5 min","true","true","false","false","true","true","true","true","true","true","false","true","5 min","10 s","2 h","5 s","24 h","true","false","true","false","0 0 * * *","true","true","1","0","3","524288","10","false","10 min","true","10","true","4","10","10","true","95","5 s","false","true","0","1","false","500 ms","1048576","true","0","true","1000 ms","false","2048","100","10000000","10485760","0","5 s","20 s","5 s","500 ms","0 ns","0","16777216","8192","false","0","3","0","false","false","true","false","1048576","0","65","0","128","128","false","1","52428800","10 min","3","5 min","true","false","true","1 min","","1440","10","25","true","true","16","10","16","512000","false","false","null","false","0"," -javaagent:/home/divyanshu/Installers/intellij/lib/idea_rt.jar=45187:/home/divyanshu/Installers/intellij/bin -Dfile.encoding=UTF-8","3715629056","262144000","Oracle Corporation","1.8.0_201","7.3.7","amd64","4","Linux","4.15.0-60-generic"
2019-09-05 12:19:13.447 UTC,"OFF","INFO","0","20000000","3","false","0","false","false","0","5","20","5","1000","false","false","3","2","true","false","","false","true","false","500 ms","8192","0","2","5","5","50","0","5","10","true","1","true","10","0","0","false","10 s","3","500 ms","5 s","false","0","1 ms","0","true","false","100","true","10 seconds","true","true","false","false","false","true","false","true","5 min","true","true","false","false","true","true","true","true","true","true","false","true","5 min","10 s","2 h","5 s","24 h","true","false","true","false","0 0 * * *","true","true","1","0","3","524288","10","false","10 min","true","10","true","4","10","10","true","95","5 s","false","true","0","1","false","500 ms","1048576","true","0","true","1000 ms","false","2048","100","10000000","10485760","0","5 s","20 s","5 s","500 ms","0 ns","0","16777216","8192","false","0","3","0","false","false","true","false","1048576","0","65","0","128","128","false","1","52428800","10 min","3","5 min","true","false","true","1 min","","1440","10","25","true","true","16","10","16","512000","false","false","null","false","0"," -javaagent:/home/divyanshu/Installers/intellij/lib/idea_rt.jar=41355:/home/divyanshu/Installers/intellij/bin -Dfile.encoding=UTF-8","3715629056","262144000","Oracle Corporation","1.8.0_201","7.3.7","amd64","4","Linux","4.15.0-60-generic"
2019-09-05 12:46:40.161 UTC,"OFF","INFO","0","20000000","3","false","0","false","false","0","5","20","5","1000","false","false","3","2","true","false","","false","true","false","500 ms","8192","0","2","5","5","50","0","5","10","true","1","true","10","0","0","false","10 s","3","500 ms","5 s","false","0","1 ms","0","true","false","100","true","10 seconds","true","true","false","false","false","true","false","true","5 min","true","true","false","false","true","true","true","true","true","true","false","true","5 min","10 s","2 h","5 s","24 h","true","false","true","false","0 0 * * *","true","true","1","0","3","524288","10","false","10 min","true","10","true","4","10","10","true","95","5 s","false","true","0","1","false","500 ms","1048576","true","0","true","1000 ms","false","2048","100","10000000","10485760","0","5 s","20 s","5 s","500 ms","0 ns","0","16777216","8192","false","0","3","0","false","false","true","false","1048576","0","65","0","128","128","false","1","52428800","10 min","3","5 min","true","false","true","1 min","","1440","10","25","true","true","16","10","16","512000","false","false","null","false","0"," -javaagent:/home/divyanshu/Installers/intellij/lib/idea_rt.jar=36173:/home/divyanshu/Installers/intellij/bin -Dfile.encoding=UTF-8","3715629056","262144000","Oracle Corporation","1.8.0_201","7.3.7","amd64","4","Linux","4.15.0-60-generic"
2019-09-05 12:46:55.599 UTC,"OFF","INFO","0","20000000","3","false","0","false","false","0","5","20","5","1000","false","false","3","2","true","false","","false","true","false","500 ms","8192","0","2","5","5","50","0","5","10","true","1","true","10","0","0","false","10 s","3","500 ms","5 s","false","0","1 ms","0","true","false","100","true","10 seconds","true","true","false","false","false","true","false","true","5 min","true","true","false","false","true","true","true","true","true","true","false","true","5 min","10 s","2 h","5 s","24 h","true","false","true","false","0 0 * * *","true","true","1","0","3","524288","10","false","10 min","true","10","true","4","10","10","true","95","5 s","false","true","0","1","false","500 ms","1048576","true","0","true","1000 ms","false","2048","100","10000000","10485760","0","5 s","20 s","5 s","500 ms","0 ns","0","16777216","8192","false","0","3","0","false","false","true","false","1048576","0","65","0","128","128","false","1","52428800","10 min","3","5 min","true","false","true","1 min","","1440","10","25","true","true","16","10","16","512000","false","false","null","false","0"," -javaagent:/home/divyanshu/Installers/intellij/lib/idea_rt.jar=40531:/home/divyanshu/Installers/intellij/bin -Dfile.encoding=UTF-8","3715629056","262144000","Oracle Corporation","1.8.0_201","7.3.7","amd64","4","Linux","4.15.0-60-generic"
2019-09-05 12:48:25.197 UTC,"OFF","INFO","0","20000000","3","false","0","false","false","0","5","20","5","1000","false","false","3","2","true","false","","false","true","false","500 ms","8192","0","2","5","5","50","0","5","10","true","1","true","10","0","0","false","10 s","3","500 ms","5 s","false","0","1 ms","0","true","false","100","true","10 seconds","true","true","false","false","false","true","false","true","5 min","true","true","false","false","true","true","true","true","true","true","false","true","5 min","10 s","2 h","5 s","24 h","true","false","true","false","0 0 * * *","true","true","1","0","3","524288","10","false","10 min","true","10","true","4","10","10","true","95","5 s","false","true","0","1","false","500 ms","1048576","true","0","true","1000 ms","false","2048","100","10000000","10485760","0","5 s","20 s","5 s","500 ms","0 ns","0","16777216","8192","false","0","3","0","false","false","true","false","1048576","0","65","0","128","128","false","1","52428800","10 min","3","5 min","true","false","true","1 min","","1440","10","25","true","true","16","10","16","512000","false","false","null","false","0"," -javaagent:/home/divyanshu/Installers/intellij/lib/idea_rt.jar=35515:/home/divyanshu/Installers/intellij/bin -Dfile.encoding=UTF-8","3715629056","262144000","Oracle Corporation","1.8.0_201","7.3.7","amd64","4","Linux","4.15.0-60-generic"
2019-09-05 12:48:31.808 UTC,"OFF","INFO","0","20000000","3","false","0","false","false","0","5","20","5","1000","false","false","3","2","true","false","","false","true","false","500 ms","8192","0","2","5","5","50","0","5","10","true","1","true","10","0","0","false","10 s","3","500 ms","5 s","false","0","1 ms","0","true","false","100","true","10 seconds","true","true","false","false","false","true","false","true","5 min","true","true","false","false","true","true","true","true","true","true","false","true","5 min","10 s","2 h","5 s","24 h","true","false","true","false","0 0 * * *","true","true","1","0","3","524288","10","false","10 min","true","10","true","4","10","10","true","95","5 s","false","true","0","1","false","500 ms","1048576","true","0","true","1000 ms","false","2048","100","10000000","10485760","0","5 s","20 s","5 s","500 ms","0 ns","0","16777216","8192","false","0","3","0","false","false","true","false","1048576","0","65","0","128","128","false","1","52428800","10 min","3","5 min","true","false","true","1 min","","1440","10","25","true","true","16","10","16","512000","false","false","null","false","0"," -javaagent:/home/divyanshu/Installers/intellij/lib/idea_rt.jar=44293:/home/divyanshu/Installers/intellij/bin -Dfile.encoding=UTF-8","3715629056","262144000","Oracle Corporation","1.8.0_201","7.3.7","amd64","4","Linux","4.15.0-60-generic"
2019-09-05 12:52:20.663 UTC,"OFF","INFO","0","20000000","3","false","0","false","false","0","5","20","5","1000","false","false","3","2","true","false","","false","true","false","500 ms","8192","0","2","5","5","50","0","5","10","true","1","true","10","0","0","false","10 s","3","500 ms","5 s","false","0","1 ms","0","true","false","100","true","10 seconds","true","true","false","false","false","true","false","true","5 min","true","true","false","false","true","true","true","true","true","true","false","true","5 min","10 s","2 h","5 s","24 h","true","false","true","false","0 0 * * *","true","true","1","0","3","524288","10","false","10 min","true","10","true","4","10","10","true","95","5 s","false","true","0","1","false","500 ms","1048576","true","0","true","1000 ms","false","2048","100","10000000","10485760","0","5 s","20 s","5 s","500 ms","0 ns","0","16777216","8192","false","0","3","0","false","false","true","false","1048576","0","65","0","128","128","false","1","52428800","10 min","3","5 min","true","false","true","1 min","","1440","10","25","true","true","16","10","16","512000","false","false","null","false","0"," -javaagent:/home/divyanshu/Installers/intellij/lib/idea_rt.jar=45213:/home/divyanshu/Installers/intellij/bin -Dfile.encoding=UTF-8","3715629056","262144000","Oracle Corporation","1.8.0_201","7.3.7","amd64","4","Linux","4.15.0-60-generic"
2019-09-05 16:28:11.237 UTC,"OFF","INFO","0","20000000","3","false","0","false","false","0","5","20","5","1000","false","false","3","2","true","false","","false","true","false","500 ms","8192","0","2","5","5","50","0","5","10","true","1","true","10","0","0","false","10 s","3","500 ms","5 s","false","0","1 ms","0","true","false","100","true","10 seconds","true","true","false","false","false","true","false","true","5 min","true","true","false","false","true","true","true","true","true","true","false","true","5 min","10 s","2 h","5 s","24 h","true","false","true","false","0 0 * * *","true","true","1","0","3","524288","10","false","10 min","true","10","true","4","10","10","true","95","5 s","false","true","0","1","false","500 ms","1048576","true","0","true","1000 ms","false","2048","100","10000000","10485760","0","5 s","20 s","5 s","500 ms","0 ns","0","16777216","8192","false","0","3","0","false","false","true","false","1048576","0","65","0","128","128","false","1","52428800","10 min","3","5 min","true","false","true","1 min","","1440","10","25","true","true","16","10","16","512000","false","false","null","false","0"," -javaagent:/home/divyanshu/Installers/intellij/lib/idea_rt.jar=46763:/home/divyanshu/Installers/intellij/bin -Dfile.encoding=UTF-8","3715629056","262144000","Oracle Corporation","1.8.0_201","7.3.7","amd64","4","Linux","4.15.0-60-generic"
